from,to,mode,base_time_sec,max_speed_kph,district,cost,co2_per_km
BA99,JC50,CAR,56,50,DSTRCT9,1.18,0.20
JC38,BA73,CAR,17,74,DSTRCT8,0.55,0.20
BA39,TC99,CAR,97,50,DSTRCT4,2.03,0.20
BB74,BA90,BUS,207,33,DSTRCT7,1.52,0.08
JC01,BB26,BUS,329,23,DSTRCT3,1.68,0.08
TC50,JD05,BUS,381,20,DSTRCT5,1.70,0.08
JC06,JD60,CAR,296,44,DSTRCT1,5.44,0.20
JD30,JD78,CAR,83,65,DSTRCT2,2.26,0.20
BB26,BA92,BUS,212,28,DSTRCT1,1.32,0.08
BB07,JD28,BUS,248,21,DSTRCT7,1.16,0.08
JC27,TC96,BUS,77,39,DSTRCT4,0.67,0.08
BB65,JC70,BUS,148,37,DSTRCT1,1.22,0.08
JC78,JC03,CAR,119,71,DSTRCT5,3.54,0.20
JD54,BA43,CAR,172,67,DSTRCT6,4.82,0.20
TC94,BA34,BUS,125,39,DSTRCT5,1.08,0.08
JC64,JD00,CAR,90,65,DSTRCT0,2.45,0.20
JD99,JD34,BUS,350,21,DSTRCT8,1.63,0.08
TC24,JD14,CAR,262,41,DSTRCT6,4.49,0.20
JD92,JC81,CAR,198,45,DSTRCT3,3.72,0.20
BB15,BB84,BUS,325,24,DSTRCT4,1.73,0.08
JC90,BA79,CAR,70,58,DSTRCT5,1.71,0.20
BA99,JD82,CAR,189,48,DSTRCT5,3.78,0.20
BA15,TC29,CAR,12,74,DSTRCT5,0.39,0.20
JD76,BB41,BUS,183,37,DSTRCT0,1.51,0.08
BB58,TC50,CAR,160,61,DSTRCT0,4.08,0.20
BB64,JC58,CAR,103,59,DSTRCT6,2.55,0.20
TC49,BB88,CAR,172,75,DSTRCT7,5.40,0.20
TC15,BA94,CAR,273,40,DSTRCT5,4.56,0.20
TC61,TC06,CAR,129,48,DSTRCT2,2.59,0.20
JC49,JD20,BUS,180,34,DSTRCT5,1.36,0.08
JD19,JC03,BUS,468,20,DSTRCT6,2.08,0.08
JD79,JD97,BUS,59,34,DSTRCT4,0.45,0.08
BB47,BA61,CAR,148,47,DSTRCT4,2.90,0.20
TC42,BA88,CAR,180,40,DSTRCT9,3.01,0.20
JD47,JD77,BUS,106,32,DSTRCT0,0.75,0.08
JD30,BA40,CAR,130,74,DSTRCT3,4.02,0.20
BB98,TC99,BUS,446,20,DSTRCT2,1.98,0.08
JD80,BA61,BUS,616,20,DSTRCT3,2.74,0.08
JD97,BA17,BUS,531,35,DSTRCT5,4.13,0.08
JC49,JC24,CAR,51,55,DSTRCT9,1.18,0.20
JD00,JC95,BUS,262,29,DSTRCT6,1.69,0.08
JD78,BA67,CAR,282,41,DSTRCT8,4.82,0.20
JD62,BA64,BUS,398,26,DSTRCT3,2.30,0.08
BA91,JC31,CAR,63,64,DSTRCT7,1.68,0.20
JC35,TC38,BUS,164,27,DSTRCT8,0.99,0.08
JC85,BB56,CAR,77,65,DSTRCT7,2.09,0.20
BA83,JD61,CAR,120,72,DSTRCT2,3.62,0.20
JD24,JC37,CAR,97,72,DSTRCT3,2.93,0.20
BB29,JD12,CAR,17,61,DSTRCT2,0.45,0.20
JD90,BA21,CAR,316,55,DSTRCT9,7.26,0.20
TC38,JD10,CAR,124,73,DSTRCT4,3.78,0.20
TC21,BB37,CAR,230,46,DSTRCT1,4.41,0.20
TC12,JC00,CAR,48,71,DSTRCT4,1.43,0.20
JC27,BB53,BUS,263,29,DSTRCT3,1.70,0.08
BA87,JD79,CAR,163,60,DSTRCT4,4.10,0.20
BB51,JC01,CAR,133,74,DSTRCT5,4.11,0.20
JC48,JD08,BUS,262,22,DSTRCT0,1.28,0.08
BA47,JC25,BUS,25,28,DSTRCT3,0.16,0.08
JC78,JC49,CAR,54,60,DSTRCT6,1.37,0.20
BB89,JD67,BUS,18,39,DSTRCT1,0.16,0.08
JC67,JC19,CAR,70,77,DSTRCT3,2.26,0.20
JD64,TC33,BUS,623,24,DSTRCT6,3.33,0.08
BA41,JD84,BUS,507,29,DSTRCT9,3.27,0.08
JC38,JC18,CAR,37,60,DSTRCT1,0.94,0.20
TC74,BB76,CAR,204,45,DSTRCT6,3.84,0.20
JC21,TC12,BUS,290,20,DSTRCT0,1.29,0.08
JC06,JC46,CAR,62,72,DSTRCT5,1.89,0.20
BA65,BB09,CAR,101,56,DSTRCT2,2.37,0.20
JD57,JC04,CAR,301,43,DSTRCT0,5.39,0.20
JD18,BB57,CAR,27,64,DSTRCT1,0.72,0.20
JC36,BA94,CAR,66,57,DSTRCT4,1.59,0.20
BB93,JD91,CAR,61,43,DSTRCT5,1.11,0.20
BA42,BA52,CAR,14,76,DSTRCT2,0.47,0.20
JC89,JC47,CAR,73,65,DSTRCT3,1.98,0.20
JC25,BA61,BUS,51,28,DSTRCT8,0.32,0.08
JD68,JC16,BUS,475,27,DSTRCT7,2.85,0.08
TC40,BB63,BUS,471,24,DSTRCT6,2.51,0.08
BA04,JD10,CAR,198,56,DSTRCT9,4.62,0.20
TC25,JD94,CAR,260,73,DSTRCT3,7.93,0.20
BA86,TC76,BUS,115,28,DSTRCT8,0.72,0.08
BA65,JD09,CAR,107,62,DSTRCT3,2.77,0.20
BB75,BB67,CAR,12,74,DSTRCT0,0.38,0.20
JD32,TC40,BUS,304,36,DSTRCT9,2.44,0.08
BB12,BB68,CAR,129,49,DSTRCT0,2.64,0.20
BA43,BA79,CAR,69,59,DSTRCT2,1.70,0.20
BA78,BB93,CAR,178,52,DSTRCT7,3.86,0.20
JC74,JD30,CAR,142,40,DSTRCT0,2.37,0.20
BB27,BA60,CAR,132,45,DSTRCT5,2.49,0.20
BB24,TC43,BUS,208,35,DSTRCT4,1.62,0.08
BA12,JD37,BUS,403,32,DSTRCT7,2.87,0.08
TC25,JC40,CAR,95,68,DSTRCT9,2.70,0.20
JC85,JC30,BUS,296,21,DSTRCT1,1.38,0.08
BB81,JD15,CAR,71,66,DSTRCT2,1.96,0.20
BA06,JD02,CAR,145,70,DSTRCT0,4.24,0.20
BA83,TC75,BUS,103,29,DSTRCT4,0.67,0.08
BB55,TC13,CAR,308,43,DSTRCT7,5.53,0.20
TC37,JD05,CAR,193,45,DSTRCT8,3.64,0.20
JD99,TC63,BUS,407,38,DSTRCT1,3.44,0.08
JC77,BA16,CAR,190,51,DSTRCT4,4.05,0.20
JC34,JC94,CAR,154,44,DSTRCT0,2.83,0.20
JD47,TC60,CAR,171,61,DSTRCT5,4.37,0.20
BB82,BB56,CAR,46,63,DSTRCT7,1.23,0.20
BA66,JC09,BUS,109,34,DSTRCT7,0.82,0.08
TC53,BB54,BUS,455,20,DSTRCT0,2.03,0.08
JD72,JC84,BUS,236,30,DSTRCT5,1.58,0.08
JD87,JD78,BUS,44,23,DSTRCT2,0.23,0.08
BA25,JC94,CAR,193,55,DSTRCT1,4.43,0.20
BB60,JC61,BUS,158,36,DSTRCT9,1.27,0.08
TC17,TC65,CAR,110,49,DSTRCT5,2.26,0.20
BA58,JC00,CAR,52,73,DSTRCT0,1.59,0.20
JD33,BA50,BUS,362,25,DSTRCT4,2.02,0.08
TC40,JC61,CAR,125,57,DSTRCT0,2.98,0.20
BA00,BA44,CAR,108,46,DSTRCT0,2.07,0.20
BB70,BA00,BUS,459,32,DSTRCT5,3.27,0.08
BB21,BA86,BUS,155,38,DSTRCT7,1.31,0.08
BA73,BA62,CAR,18,69,DSTRCT2,0.52,0.20
JD14,BA13,BUS,354,30,DSTRCT3,2.36,0.08
BA70,JD99,BUS,391,34,DSTRCT2,2.96,0.08
JD87,TC79,BUS,339,37,DSTRCT7,2.80,0.08
JC78,BA59,BUS,191,26,DSTRCT0,1.11,0.08
BA47,BB36,BUS,224,32,DSTRCT0,1.59,0.08
JC32,BA67,CAR,18,73,DSTRCT1,0.55,0.20
BA55,JD17,CAR,104,72,DSTRCT8,3.15,0.20
TC03,JD07,CAR,259,47,DSTRCT5,5.07,0.20
TC95,JC35,CAR,38,53,DSTRCT6,0.84,0.20
BA10,TC12,CAR,27,70,DSTRCT2,0.81,0.20
JC36,JD49,BUS,395,23,DSTRCT3,2.02,0.08
BB24,JD16,BUS,60,33,DSTRCT2,0.45,0.08
BA03,BB84,BUS,511,31,DSTRCT4,3.52,0.08
JD53,BA33,CAR,310,40,DSTRCT5,5.18,0.20
JC61,BB57,CAR,88,63,DSTRCT0,2.31,0.20
BB01,BB35,BUS,132,29,DSTRCT5,0.85,0.08
BA11,BA48,CAR,56,74,DSTRCT3,1.74,0.20
JD16,BA00,CAR,207,58,DSTRCT3,5.02,0.20
BA25,TC45,CAR,17,52,DSTRCT7,0.37,0.20
JD27,JC29,BUS,200,39,DSTRCT7,1.74,0.08
JC69,JC97,BUS,113,28,DSTRCT3,0.70,0.08
TC70,BB98,CAR,251,47,DSTRCT2,4.92,0.20
TC77,BA03,CAR,113,57,DSTRCT3,2.69,0.20
BA39,BB99,BUS,426,32,DSTRCT4,3.04,0.08
JD07,BA28,BUS,282,31,DSTRCT3,1.95,0.08
BB60,BA05,BUS,438,30,DSTRCT1,2.92,0.08
JC24,JD74,BUS,332,38,DSTRCT0,2.81,0.08
BB65,TC62,CAR,134,69,DSTRCT8,3.88,0.20
JC66,BA28,CAR,148,48,DSTRCT5,2.97,0.20
TC22,JD76,CAR,285,61,DSTRCT4,7.26,0.20
BB20,BB41,CAR,37,64,DSTRCT3,0.99,0.20
TC13,JD89,BUS,659,30,DSTRCT6,4.40,0.08
JC71,BB59,CAR,90,58,DSTRCT3,2.18,0.20
JD92,BA24,BUS,509,34,DSTRCT7,3.85,0.08
JD64,JC71,CAR,108,69,DSTRCT1,3.11,0.20
JC25,JD10,CAR,146,47,DSTRCT5,2.88,0.20
JD44,BA98,BUS,203,33,DSTRCT6,1.49,0.08
JD34,TC65,BUS,419,21,DSTRCT2,1.96,0.08
JC46,JC00,CAR,89,58,DSTRCT7,2.17,0.20
BA35,BA49,BUS,60,26,DSTRCT9,0.35,0.08
JD43,JC53,CAR,157,46,DSTRCT2,3.02,0.20
JC77,BA53,BUS,241,23,DSTRCT0,1.23,0.08
JC50,TC03,CAR,198,51,DSTRCT0,4.21,0.20
JC54,TC68,BUS,145,22,DSTRCT1,0.71,0.08
BA36,JD76,CAR,294,49,DSTRCT5,6.01,0.20
BA64,JC30,CAR,16,76,DSTRCT8,0.51,0.20
TC74,BA86,CAR,63,54,DSTRCT7,1.44,0.20
JC51,BB01,CAR,75,76,DSTRCT7,2.39,0.20
BA49,JC42,CAR,30,70,DSTRCT5,0.88,0.20
BA75,JC71,BUS,115,21,DSTRCT9,0.54,0.08
BA93,JD56,CAR,172,44,DSTRCT6,3.17,0.20
BB68,JC62,CAR,97,63,DSTRCT7,2.55,0.20
TC11,JD73,BUS,761,24,DSTRCT5,4.06,0.08
JD19,TC40,BUS,270,36,DSTRCT3,2.16,0.08
JD71,TC17,BUS,527,33,DSTRCT2,3.87,0.08
BA04,JC31,BUS,189,31,DSTRCT4,1.31,0.08
TC67,TC30,CAR,61,68,DSTRCT9,1.74,0.20
JD96,TC30,CAR,236,79,DSTRCT7,7.80,0.20
JD91,BB76,BUS,119,38,DSTRCT4,1.01,0.08
JD94,BA35,BUS,606,27,DSTRCT6,3.64,0.08
BA42,BA71,CAR,44,74,DSTRCT5,1.37,0.20
BA04,JD78,CAR,449,40,DSTRCT2,7.48,0.20
BB35,JC33,BUS,279,21,DSTRCT1,1.31,0.08
BA36,BB71,BUS,301,37,DSTRCT4,2.48,0.08
BB91,TC54,BUS,472,27,DSTRCT4,2.83,0.08
TC49,JC51,CAR,73,68,DSTRCT4,2.09,0.20
JC71,BA26,BUS,208,38,DSTRCT5,1.76,0.08
JD08,BA64,CAR,105,63,DSTRCT1,2.77,0.20
BA71,BB49,CAR,91,71,DSTRCT4,2.70,0.20
JC54,BB32,CAR,69,72,DSTRCT7,2.09,0.20
BA97,BB33,BUS,158,37,DSTRCT1,1.31,0.08
TC31,JD99,BUS,556,34,DSTRCT7,4.21,0.08
BA41,BA76,CAR,80,49,DSTRCT3,1.65,0.20
BB35,JC36,CAR,93,61,DSTRCT0,2.38,0.20
BB20,BB84,BUS,258,28,DSTRCT7,1.61,0.08
BA98,BB71,CAR,82,75,DSTRCT3,2.59,0.20
BA48,BA31,BUS,80,24,DSTRCT7,0.43,0.08
TC10,JC39,CAR,134,60,DSTRCT5,3.36,0.20
TC64,JC94,CAR,163,50,DSTRCT1,3.41,0.20
BB17,TC69,BUS,196,26,DSTRCT4,1.14,0.08
JC40,BA87,BUS,104,25,DSTRCT2,0.58,0.08
BA83,JC82,BUS,92,30,DSTRCT7,0.61,0.08
BA64,JC50,CAR,19,70,DSTRCT2,0.57,0.20
BB48,BB72,CAR,55,49,DSTRCT4,1.13,0.20
JC27,JD60,BUS,280,39,DSTRCT0,2.43,0.08
TC82,BA28,BUS,150,28,DSTRCT1,0.94,0.08
BA10,JC59,CAR,174,48,DSTRCT6,3.49,0.20
JD83,JC62,CAR,213,46,DSTRCT6,4.09,0.20
BA70,BA45,BUS,74,38,DSTRCT2,0.63,0.08
BB28,BB35,CAR,10,76,DSTRCT9,0.33,0.20
BA85,BB61,BUS,254,25,DSTRCT0,1.42,0.08
TC75,BA39,BUS,66,34,DSTRCT2,0.50,0.08
BB65,JC56,CAR,82,77,DSTRCT8,2.64,0.20
BB64,JC86,CAR,94,53,DSTRCT0,2.09,0.20
JC69,JD79,CAR,157,56,DSTRCT9,3.68,0.20
BB04,BB79,CAR,173,49,DSTRCT8,3.54,0.20
JC63,BB68,BUS,201,30,DSTRCT6,1.35,0.08
BB25,BA47,BUS,196,33,DSTRCT6,1.44,0.08
JD28,JC11,CAR,136,69,DSTRCT8,3.94,0.20
JD13,BB21,CAR,29,67,DSTRCT3,0.83,0.20
BA66,BB85,BUS,291,33,DSTRCT9,2.14,0.08
BA71,BB56,BUS,237,29,DSTRCT6,1.53,0.08
BB12,JD19,CAR,81,45,DSTRCT6,1.52,0.20
JC14,TC35,BUS,80,30,DSTRCT0,0.54,0.08
JD91,JC84,BUS,231,37,DSTRCT4,1.90,0.08
BA83,BA32,BUS,274,21,DSTRCT4,1.28,0.08
BA25,BB46,CAR,158,62,DSTRCT8,4.09,0.20
JC26,BB63,BUS,221,39,DSTRCT8,1.92,0.08
BB54,JD57,CAR,55,58,DSTRCT7,1.34,0.20
TC14,BB88,BUS,464,36,DSTRCT4,3.71,0.08
BA32,TC45,BUS,39,25,DSTRCT7,0.22,0.08
BA40,JC90,CAR,166,51,DSTRCT5,3.53,0.20
JC50,TC55,BUS,117,36,DSTRCT8,0.94,0.08
JC68,BB55,BUS,236,22,DSTRCT1,1.15,0.08
BB20,BB98,CAR,180,49,DSTRCT8,3.68,0.20
BA83,JD78,CAR,134,75,DSTRCT5,4.21,0.20
BA46,BA58,CAR,21,64,DSTRCT8,0.57,0.20
JD55,BA12,CAR,196,75,DSTRCT7,6.14,0.20
BA45,TC85,CAR,52,51,DSTRCT2,1.12,0.20
JD35,BB85,BUS,91,32,DSTRCT2,0.65,0.08
JD51,JD72,BUS,64,37,DSTRCT9,0.53,0.08
TC31,JD25,CAR,147,76,DSTRCT1,4.66,0.20
TC84,JD96,BUS,463,28,DSTRCT8,2.89,0.08
JC88,BB49,CAR,68,77,DSTRCT2,2.19,0.20
JC93,BB30,CAR,117,56,DSTRCT0,2.74,0.20
BA46,TC20,CAR,76,65,DSTRCT5,2.08,0.20
JC70,TC29,BUS,269,35,DSTRCT9,2.09,0.08
JD33,JC19,CAR,125,73,DSTRCT3,3.83,0.20
BA53,BA10,CAR,93,52,DSTRCT4,2.03,0.20
BB34,BA86,BUS,188,30,DSTRCT3,1.26,0.08
BB65,BA57,CAR,173,50,DSTRCT2,3.61,0.20
JC14,JC52,CAR,61,70,DSTRCT3,1.79,0.20
JD52,BA12,BUS,389,37,DSTRCT7,3.21,0.08
BA25,BA17,BUS,28,32,DSTRCT3,0.20,0.08
TC76,BB72,CAR,169,51,DSTRCT6,3.60,0.20
JC96,JC22,CAR,137,61,DSTRCT1,3.49,0.20
JD99,TC73,CAR,294,49,DSTRCT4,6.02,0.20
BA17,BA96,CAR,159,56,DSTRCT4,3.72,0.20
BA63,BB95,BUS,387,28,DSTRCT9,2.41,0.08
BB65,JD85,BUS,159,32,DSTRCT1,1.13,0.08
BB44,TC88,CAR,109,50,DSTRCT7,2.29,0.20
JC85,BA26,CAR,126,75,DSTRCT8,3.96,0.20
TC48,BA83,CAR,89,67,DSTRCT0,2.50,0.20
JD88,BA77,CAR,226,51,DSTRCT2,4.82,0.20
JC61,BB36,CAR,63,79,DSTRCT6,2.09,0.20
JC21,BA03,CAR,119,41,DSTRCT0,2.03,0.20
JC86,TC20,CAR,218,56,DSTRCT5,5.10,0.20
JC90,JD97,CAR,115,74,DSTRCT0,3.57,0.20
TC29,JC70,BUS,376,25,DSTRCT6,2.09,0.08
JD27,BA06,CAR,245,51,DSTRCT2,5.22,0.20
BB56,TC26,BUS,353,34,DSTRCT8,2.67,0.08
TC56,BB73,BUS,324,33,DSTRCT2,2.38,0.08
TC66,JC53,BUS,127,26,DSTRCT5,0.74,0.08
JD42,TC55,BUS,291,36,DSTRCT1,2.33,0.08
JD86,JC77,CAR,113,77,DSTRCT3,3.64,0.20
JD50,JD89,BUS,210,21,DSTRCT8,0.98,0.08
BB34,BA15,CAR,178,54,DSTRCT4,4.01,0.20
TC59,JC70,CAR,150,40,DSTRCT4,2.51,0.20
TC58,BB67,BUS,253,39,DSTRCT8,2.20,0.08
JC65,TC50,CAR,117,55,DSTRCT5,2.70,0.20
BA42,JC39,BUS,87,29,DSTRCT4,0.57,0.08
JC63,TC99,BUS,22,32,DSTRCT7,0.16,0.08
JD81,BA60,BUS,347,36,DSTRCT7,2.78,0.08
TC73,BB46,BUS,214,31,DSTRCT7,1.47,0.08
TC29,JC73,CAR,184,53,DSTRCT6,4.07,0.20
JD97,JC85,CAR,120,75,DSTRCT6,3.75,0.20
JC26,JD13,BUS,219,32,DSTRCT7,1.56,0.08
JD60,JD89,BUS,121,27,DSTRCT2,0.73,0.08
BA52,BB38,BUS,290,24,DSTRCT0,1.55,0.08
BB62,BB86,CAR,43,62,DSTRCT9,1.13,0.20
JC81,JC13,BUS,384,20,DSTRCT4,1.71,0.08
BA23,JD23,CAR,195,54,DSTRCT0,4.39,0.20
JC14,BA27,BUS,42,35,DSTRCT2,0.33,0.08
BB42,TC41,BUS,396,23,DSTRCT4,2.03,0.08
TC33,JC45,CAR,87,70,DSTRCT3,2.56,0.20
JC04,JD06,BUS,233,35,DSTRCT8,1.81,0.08
JD19,JC61,CAR,133,43,DSTRCT4,2.39,0.20
BA21,BA06,BUS,54,31,DSTRCT1,0.38,0.08
BB77,JC04,BUS,348,35,DSTRCT7,2.71,0.08
BB90,BB19,BUS,349,23,DSTRCT6,1.79,0.08
BA49,JD23,CAR,146,57,DSTRCT3,3.49,0.20
TC71,BB98,CAR,169,69,DSTRCT5,4.88,0.20
JC53,BA13,BUS,245,30,DSTRCT7,1.63,0.08
TC70,BA01,BUS,189,31,DSTRCT9,1.31,0.08
BB61,JD79,CAR,67,72,DSTRCT3,2.03,0.20
BA69,BB19,CAR,83,68,DSTRCT9,2.36,0.20
BA16,TC49,CAR,30,63,DSTRCT5,0.81,0.20
JD73,JD38,BUS,107,37,DSTRCT4,0.88,0.08
JC57,BA05,BUS,229,38,DSTRCT7,1.93,0.08
BB18,JC99,BUS,366,22,DSTRCT0,1.79,0.08
BB62,BA32,BUS,426,25,DSTRCT9,2.37,0.08
BB51,TC74,BUS,267,26,DSTRCT1,1.55,0.08
BA68,BB86,CAR,138,69,DSTRCT4,3.98,0.20
BB94,TC38,BUS,461,32,DSTRCT2,3.28,0.08
JC39,JC78,BUS,133,33,DSTRCT5,0.98,0.08
TC94,TC31,CAR,118,60,DSTRCT8,2.97,0.20
TC69,BA18,CAR,57,68,DSTRCT2,1.62,0.20
JD58,BA83,BUS,228,37,DSTRCT1,1.88,0.08
BA56,JC42,BUS,57,24,DSTRCT9,0.31,0.08
BA56,BB10,BUS,218,26,DSTRCT2,1.26,0.08
BA62,BA39,BUS,74,35,DSTRCT5,0.58,0.08
JD41,TC59,CAR,161,62,DSTRCT0,4.17,0.20
BB10,BB73,BUS,197,36,DSTRCT3,1.58,0.08
JD81,JD32,CAR,106,52,DSTRCT6,2.31,0.20
JD00,TC26,BUS,330,28,DSTRCT7,2.06,0.08
BB39,JD85,CAR,154,52,DSTRCT7,3.35,0.20
JC13,BB94,BUS,542,24,DSTRCT5,2.89,0.08
TC88,JD33,CAR,127,54,DSTRCT8,2.87,0.20
JC58,TC27,BUS,230,36,DSTRCT6,1.84,0.08
TC28,BA85,BUS,292,29,DSTRCT9,1.88,0.08
JC72,JD26,BUS,189,30,DSTRCT4,1.26,0.08
BA26,TC30,CAR,23,73,DSTRCT8,0.73,0.20
BB42,BB05,BUS,126,33,DSTRCT6,0.93,0.08
JC11,BA53,CAR,29,69,DSTRCT3,0.86,0.20
JD17,TC50,BUS,375,23,DSTRCT6,1.92,0.08
JD92,TC07,BUS,629,33,DSTRCT1,4.62,0.08
JC88,BA27,BUS,335,29,DSTRCT9,2.16,0.08
JD13,TC91,CAR,82,69,DSTRCT5,2.37,0.20
JD61,JC24,BUS,298,38,DSTRCT0,2.52,0.08
BB34,JD68,BUS,247,27,DSTRCT5,1.48,0.08
BB79,JD62,CAR,19,56,DSTRCT8,0.45,0.20
TC33,TC96,BUS,182,39,DSTRCT1,1.58,0.08
JD62,JC84,BUS,231,28,DSTRCT0,1.44,0.08
JC70,JC89,BUS,63,34,DSTRCT0,0.48,0.08
BB39,TC40,BUS,318,28,DSTRCT7,1.98,0.08
JC78,BA39,BUS,362,20,DSTRCT0,1.61,0.08
BA20,BB33,CAR,174,52,DSTRCT8,3.79,0.20
BA30,BA77,CAR,129,41,DSTRCT7,2.22,0.20
BB72,BB02,BUS,226,35,DSTRCT7,1.76,0.08
BB49,BB92,CAR,76,64,DSTRCT0,2.03,0.20
TC47,JD96,BUS,562,30,DSTRCT6,3.75,0.08
BB31,BB63,CAR,77,47,DSTRCT1,1.51,0.20
TC81,BA71,BUS,34,35,DSTRCT5,0.27,0.08
BB98,JC32,CAR,260,44,DSTRCT3,4.78,0.20
BA59,BB09,BUS,245,23,DSTRCT2,1.26,0.08
JD62,BA96,BUS,223,35,DSTRCT1,1.73,0.08
BB73,JD74,BUS,102,29,DSTRCT5,0.66,0.08
JD58,TC31,BUS,692,21,DSTRCT1,3.23,0.08
BA95,BA11,CAR,175,54,DSTRCT2,3.96,0.20
TC28,BB61,CAR,192,64,DSTRCT2,5.14,0.20
BB48,JC06,CAR,182,50,DSTRCT1,3.79,0.20
JD34,JD09,CAR,62,45,DSTRCT9,1.18,0.20
BB67,BA66,CAR,149,54,DSTRCT5,3.36,0.20
JD42,TC54,CAR,145,73,DSTRCT8,4.41,0.20
JD75,TC52,BUS,523,27,DSTRCT1,3.14,0.08
JD46,JD11,CAR,55,71,DSTRCT2,1.65,0.20
BA17,BB17,CAR,133,60,DSTRCT4,3.33,0.20
TC28,TC48,BUS,98,23,DSTRCT4,0.50,0.08
BA25,JC76,BUS,268,32,DSTRCT1,1.91,0.08
JD76,JD41,CAR,73,54,DSTRCT9,1.65,0.20
BA71,JC42,CAR,14,54,DSTRCT8,0.34,0.20
TC76,BB63,BUS,223,35,DSTRCT7,1.74,0.08
BB85,TC37,BUS,556,25,DSTRCT7,3.09,0.08
JC17,BA72,BUS,91,38,DSTRCT7,0.77,0.08
JC86,TC16,BUS,437,29,DSTRCT1,2.82,0.08
BB24,JC28,CAR,78,71,DSTRCT1,2.31,0.20
JD49,BA29,CAR,167,74,DSTRCT3,5.18,0.20
JD79,BB14,CAR,154,66,DSTRCT1,4.24,0.20
BB92,BB27,BUS,198,37,DSTRCT4,1.63,0.08
JC68,TC34,CAR,176,49,DSTRCT6,3.60,0.20
TC29,TC50,CAR,57,41,DSTRCT6,0.99,0.20
BB22,JC19,CAR,76,78,DSTRCT4,2.47,0.20
BA32,JD34,CAR,268,40,DSTRCT5,4.47,0.20
BB52,TC65,BUS,229,34,DSTRCT4,1.74,0.08
TC86,BB87,CAR,198,46,DSTRCT6,3.80,0.20
BA53,TC76,BUS,37,28,DSTRCT2,0.23,0.08
BA07,BB65,BUS,395,34,DSTRCT7,2.99,0.08
BB90,JD44,CAR,59,42,DSTRCT0,1.04,0.20
TC82,BB13,CAR,104,46,DSTRCT7,2.00,0.20
JC99,BB35,BUS,214,31,DSTRCT0,1.48,0.08
TC43,BB22,CAR,139,51,DSTRCT5,2.97,0.20
JD64,BA28,CAR,182,77,DSTRCT3,5.84,0.20
JC92,JC01,CAR,171,60,DSTRCT3,4.29,0.20
JC23,JD04,CAR,95,70,DSTRCT5,2.77,0.20
JD39,JD12,BUS,122,25,DSTRCT8,0.68,0.08
BB87,JD57,CAR,11,79,DSTRCT7,0.37,0.20
BA97,JC80,BUS,28,38,DSTRCT5,0.24,0.08
BA41,JD91,CAR,220,70,DSTRCT6,6.44,0.20
JC54,BB86,BUS,255,32,DSTRCT4,1.82,0.08
JD46,JD97,BUS,192,30,DSTRCT6,1.28,0.08
JC26,JD40,BUS,286,32,DSTRCT7,2.04,0.08
TC84,JC87,BUS,170,30,DSTRCT3,1.14,0.08
JD56,BB39,CAR,91,52,DSTRCT6,1.99,0.20
JC05,JD22,CAR,175,54,DSTRCT1,3.94,0.20
JC17,JC09,CAR,15,57,DSTRCT0,0.38,0.20
JD10,JD36,BUS,77,38,DSTRCT3,0.65,0.08
TC89,BB84,CAR,108,79,DSTRCT1,3.56,0.20
BA08,JD45,BUS,392,36,DSTRCT0,3.14,0.08
JC92,TC22,BUS,423,30,DSTRCT3,2.82,0.08
BB75,BB14,CAR,106,65,DSTRCT3,2.88,0.20
JD99,JC20,CAR,391,40,DSTRCT3,6.52,0.20
BA16,BA29,CAR,27,54,DSTRCT2,0.61,0.20
JD18,JC27,CAR,101,72,DSTRCT0,3.05,0.20
BB00,JD68,BUS,284,37,DSTRCT9,2.34,0.08
TC29,BA35,CAR,42,65,DSTRCT8,1.16,0.20
BB40,JC96,CAR,127,48,DSTRCT2,2.54,0.20
BA36,JD65,CAR,246,54,DSTRCT2,5.55,0.20
JC31,BA19,BUS,155,27,DSTRCT1,0.93,0.08
BA05,JD15,CAR,273,42,DSTRCT5,4.78,0.20
JC44,BB62,CAR,111,63,DSTRCT3,2.91,0.20
BB95,BB56,BUS,220,20,DSTRCT2,0.98,0.08
JC38,JD86,BUS,388,32,DSTRCT9,2.76,0.08
BA51,JC68,CAR,70,68,DSTRCT6,1.99,0.20
TC44,BB17,BUS,170,39,DSTRCT5,1.47,0.08
BB65,JC88,BUS,161,31,DSTRCT8,1.11,0.08
JD25,TC65,CAR,125,64,DSTRCT0,3.35,0.20
BA78,TC57,BUS,123,36,DSTRCT7,0.99,0.08
JC69,JC90,BUS,81,29,DSTRCT6,0.53,0.08
BA64,TC63,CAR,33,68,DSTRCT2,0.94,0.20
JD95,BB40,CAR,205,44,DSTRCT2,3.77,0.20
BA43,JD85,BUS,609,24,DSTRCT0,3.25,0.08
BA12,JC96,BUS,342,36,DSTRCT0,2.74,0.08
JD15,BB49,CAR,17,71,DSTRCT7,0.51,0.20
BB27,BB43,CAR,27,67,DSTRCT7,0.75,0.20
JC34,JD49,CAR,168,55,DSTRCT1,3.86,0.20
BB38,BB96,CAR,93,70,DSTRCT2,2.73,0.20
TC48,BB21,BUS,179,37,DSTRCT9,1.47,0.08
JD86,BB58,BUS,200,30,DSTRCT2,1.33,0.08
JD37,BB20,CAR,103,46,DSTRCT5,1.99,0.20
BB78,JC15,BUS,338,33,DSTRCT1,2.48,0.08
BB10,JD89,BUS,419,28,DSTRCT8,2.61,0.08
BB47,BA99,BUS,176,32,DSTRCT5,1.26,0.08
JC18,JD07,BUS,217,33,DSTRCT5,1.59,0.08
TC09,JD16,CAR,311,40,DSTRCT6,5.20,0.20
JD05,TC24,CAR,190,52,DSTRCT1,4.13,0.20
JC60,JD85,CAR,226,45,DSTRCT8,4.25,0.20
BB72,BA36,CAR,244,46,DSTRCT5,4.69,0.20
BB64,BA62,BUS,339,24,DSTRCT3,1.81,0.08
BB96,BA47,BUS,482,26,DSTRCT9,2.79,0.08
JC97,TC93,CAR,124,42,DSTRCT1,2.18,0.20
JD56,BA17,CAR,280,51,DSTRCT9,5.97,0.20
BA35,JC18,CAR,13,78,DSTRCT0,0.45,0.20
BB88,BB13,BUS,257,33,DSTRCT9,1.89,0.08
BB80,BA34,CAR,218,56,DSTRCT0,5.10,0.20
BB43,TC58,BUS,318,24,DSTRCT3,1.70,0.08
JD31,JD59,BUS,87,36,DSTRCT1,0.70,0.08
TC34,JC25,CAR,50,74,DSTRCT3,1.57,0.20
BB80,BA83,BUS,387,20,DSTRCT6,1.72,0.08
BB76,TC37,BUS,498,26,DSTRCT5,2.88,0.08
JD20,JD87,BUS,360,21,DSTRCT9,1.68,0.08
TC28,JC64,CAR,138,64,DSTRCT6,3.69,0.20
JC20,BA64,CAR,30,74,DSTRCT1,0.95,0.20
TC46,JD07,BUS,225,36,DSTRCT9,1.81,0.08
JD70,BB50,CAR,89,57,DSTRCT1,2.13,0.20
JC23,BB33,CAR,95,67,DSTRCT9,2.66,0.20
JC37,BA88,BUS,82,37,DSTRCT7,0.68,0.08
BA46,TC11,BUS,214,28,DSTRCT1,1.33,0.08
JD73,BA28,BUS,553,27,DSTRCT4,3.32,0.08
BB46,BA78,BUS,171,35,DSTRCT8,1.34,0.08
BA60,TC00,BUS,259,34,DSTRCT4,1.96,0.08
JD91,BB60,CAR,102,62,DSTRCT7,2.64,0.20
JD51,BA52,BUS,316,33,DSTRCT3,2.32,0.08
BA56,JC61,BUS,137,25,DSTRCT2,0.76,0.08
BA20,JD55,CAR,239,58,DSTRCT2,5.80,0.20
TC55,BB96,BUS,387,34,DSTRCT9,2.93,0.08
JD22,BB15,CAR,48,75,DSTRCT6,1.52,0.20
TC82,JD07,BUS,222,26,DSTRCT6,1.29,0.08
BA90,BB25,CAR,86,68,DSTRCT6,2.46,0.20
BB78,BA50,CAR,190,55,DSTRCT2,4.36,0.20
BB54,BA71,CAR,169,40,DSTRCT0,2.82,0.20
BB15,TC35,CAR,112,64,DSTRCT4,3.00,0.20
BB45,JC55,BUS,211,25,DSTRCT7,1.18,0.08
JD12,TC14,BUS,578,20,DSTRCT7,2.57,0.08
TC67,JD23,BUS,350,22,DSTRCT2,1.71,0.08
JC72,JC53,CAR,49,43,DSTRCT9,0.90,0.20
TC25,JD18,BUS,291,38,DSTRCT1,2.46,0.08
JD99,TC34,BUS,489,38,DSTRCT5,4.13,0.08
BA23,JC02,BUS,25,31,DSTRCT3,0.17,0.08
JD74,BA37,BUS,441,32,DSTRCT9,3.14,0.08
TC22,BB89,CAR,231,69,DSTRCT4,6.65,0.20
BA07,JD73,BUS,534,32,DSTRCT8,3.80,0.08
JD45,BB44,BUS,93,32,DSTRCT2,0.66,0.08
BB27,JD12,BUS,36,35,DSTRCT7,0.28,0.08
BB78,BA86,CAR,97,76,DSTRCT5,3.08,0.20
JD25,JD69,CAR,65,76,DSTRCT5,2.07,0.20
TC35,JD36,CAR,154,77,DSTRCT9,4.95,0.20
TC84,BA82,CAR,45,43,DSTRCT2,0.81,0.20
JC20,BB14,CAR,99,55,DSTRCT1,2.27,0.20
JD79,BA65,BUS,515,23,DSTRCT1,2.63,0.08
JD46,TC99,CAR,127,55,DSTRCT5,2.93,0.20
TC25,JC78,BUS,384,28,DSTRCT2,2.40,0.08
BA21,BA61,CAR,64,70,DSTRCT2,1.89,0.20
TC21,BA30,CAR,70,44,DSTRCT6,1.30,0.20
BB19,BA11,CAR,188,46,DSTRCT7,3.61,0.20
JD99,BB19,BUS,565,21,DSTRCT6,2.64,0.08
BB61,BA97,BUS,255,23,DSTRCT2,1.30,0.08
BB66,BB56,CAR,17,65,DSTRCT5,0.47,0.20
JD49,BB44,BUS,126,27,DSTRCT2,0.76,0.08
BB96,BA55,CAR,249,47,DSTRCT7,4.89,0.20
BA21,TC08,CAR,77,46,DSTRCT5,1.48,0.20
JC62,JD93,CAR,182,59,DSTRCT4,4.48,0.20
BA15,JC33,BUS,125,39,DSTRCT4,1.08,0.08
JC97,JD46,CAR,97,58,DSTRCT1,2.36,0.20
TC08,JC04,BUS,206,21,DSTRCT3,0.96,0.08
TC84,BA97,BUS,98,36,DSTRCT8,0.79,0.08
JD52,TC44,CAR,251,50,DSTRCT9,5.24,0.20
BA72,BA13,BUS,215,31,DSTRCT5,1.48,0.08
TC23,JD63,CAR,234,68,DSTRCT7,6.63,0.20
JD37,JC44,BUS,372,20,DSTRCT0,1.66,0.08
JD88,BA63,CAR,315,41,DSTRCT4,5.38,0.20
TC90,BB57,BUS,269,23,DSTRCT0,1.38,0.08
BB39,JC76,CAR,87,59,DSTRCT3,2.16,0.20
BB27,TC22,BUS,256,37,DSTRCT7,2.11,0.08
JC41,JD90,CAR,158,79,DSTRCT6,5.23,0.20
BB84,BA96,BUS,182,39,DSTRCT4,1.58,0.08
BB15,JD20,BUS,114,30,DSTRCT5,0.76,0.08
JC32,TC46,BUS,100,32,DSTRCT4,0.71,0.08
BB53,BB38,CAR,25,67,DSTRCT4,0.71,0.20
JD13,JC16,CAR,189,41,DSTRCT4,3.23,0.20
BA35,JD16,CAR,174,51,DSTRCT9,3.71,0.20
BB30,BB98,BUS,349,22,DSTRCT3,1.71,0.08
JC80,JD12,BUS,250,24,DSTRCT2,1.34,0.08
BB52,JD59,CAR,51,71,DSTRCT7,1.52,0.20
TC88,TC78,CAR,14,76,DSTRCT2,0.47,0.20
JC96,BB51,BUS,219,25,DSTRCT0,1.22,0.08
TC47,JD90,CAR,369,44,DSTRCT2,6.77,0.20
BA38,JC67,BUS,203,30,DSTRCT7,1.36,0.08
JC85,JC46,BUS,119,37,DSTRCT3,0.98,0.08
TC76,JD50,BUS,402,23,DSTRCT5,2.06,0.08
TC00,BB77,CAR,233,73,DSTRCT3,7.10,0.20
BB21,TC47,CAR,97,69,DSTRCT6,2.80,0.20
BA63,BB01,CAR,89,65,DSTRCT0,2.42,0.20
JD03,JD80,CAR,138,63,DSTRCT3,3.63,0.20
JC10,JD89,BUS,504,31,DSTRCT6,3.48,0.08
BB51,JD67,CAR,89,52,DSTRCT0,1.94,0.20
JC29,TC57,BUS,43,37,DSTRCT3,0.36,0.08
JD08,JC07,CAR,126,64,DSTRCT0,3.36,0.20
TC62,BA00,CAR,68,74,DSTRCT1,2.13,0.20
TC67,BB98,BUS,346,35,DSTRCT3,2.70,0.08
JD33,BB27,BUS,117,30,DSTRCT7,0.79,0.08
BB45,BB85,BUS,161,28,DSTRCT0,1.01,0.08
BA61,JD13,CAR,98,71,DSTRCT6,2.91,0.20
TC75,BA27,BUS,111,32,DSTRCT3,0.79,0.08
TC68,JC08,CAR,33,61,DSTRCT1,0.84,0.20
BA19,JD10,CAR,139,70,DSTRCT3,4.06,0.20
TC25,JD17,BUS,322,34,DSTRCT9,2.44,0.08
BB50,JD31,BUS,25,36,DSTRCT8,0.20,0.08
JD52,JD36,BUS,75,24,DSTRCT1,0.40,0.08
JD22,BB51,CAR,17,47,DSTRCT8,0.34,0.20
BA51,JD99,CAR,203,75,DSTRCT4,6.35,0.20
BB92,JD61,BUS,38,25,DSTRCT8,0.21,0.08
TC29,BB13,CAR,188,40,DSTRCT8,3.15,0.20
JC00,TC51,BUS,45,22,DSTRCT5,0.22,0.08
TC52,BA85,BUS,192,30,DSTRCT2,1.28,0.08
BA70,JC88,CAR,63,77,DSTRCT7,2.03,0.20
BA27,BB70,BUS,397,30,DSTRCT6,2.65,0.08
JC65,JD59,BUS,235,32,DSTRCT9,1.67,0.08
JD37,JD45,BUS,43,21,DSTRCT3,0.20,0.08
JD11,JD70,BUS,238,28,DSTRCT2,1.48,0.08
JD51,BB62,CAR,39,43,DSTRCT9,0.70,0.20
BB07,JD42,BUS,199,34,DSTRCT6,1.51,0.08
BA02,TC21,CAR,16,53,DSTRCT1,0.36,0.20
JD58,BB30,CAR,115,52,DSTRCT5,2.50,0.20
TC72,JD27,BUS,347,22,DSTRCT6,1.70,0.08
JC19,BB01,CAR,126,40,DSTRCT4,2.11,0.20
JD02,JC61,BUS,229,25,DSTRCT2,1.28,0.08
BB15,JC29,CAR,84,61,DSTRCT2,2.15,0.20
TC47,JC57,CAR,123,48,DSTRCT8,2.46,0.20
TC65,TC24,CAR,79,58,DSTRCT9,1.93,0.20
BB57,TC87,CAR,87,73,DSTRCT1,2.67,0.20
JC16,JC00,BUS,54,33,DSTRCT7,0.40,0.08
BA51,BB28,BUS,183,35,DSTRCT5,1.43,0.08
TC48,JD26,BUS,385,25,DSTRCT8,2.14,0.08
JD33,BB80,BUS,108,24,DSTRCT6,0.58,0.08
TC57,JD44,CAR,132,79,DSTRCT1,4.37,0.20
BA01,BA21,CAR,46,49,DSTRCT2,0.94,0.20
JC36,JD71,BUS,293,38,DSTRCT0,2.48,0.08
BB14,TC52,CAR,81,72,DSTRCT7,2.44,0.20
TC04,TC88,BUS,256,37,DSTRCT2,2.11,0.08
JC78,BB79,CAR,98,59,DSTRCT7,2.42,0.20
JD07,TC59,CAR,120,59,DSTRCT5,2.96,0.20
JD28,JD81,BUS,214,28,DSTRCT3,1.33,0.08
TC95,BA59,CAR,41,54,DSTRCT6,0.94,0.20
TC54,BA43,BUS,53,21,DSTRCT8,0.25,0.08
BB23,BA75,CAR,79,71,DSTRCT7,2.36,0.20
JD70,BA78,CAR,138,71,DSTRCT3,4.10,0.20
TC72,BB71,BUS,278,32,DSTRCT9,1.98,0.08
JC36,JD41,BUS,323,26,DSTRCT1,1.87,0.08
JC99,BA45,CAR,133,67,DSTRCT8,3.72,0.20
JC95,JD14,BUS,201,33,DSTRCT2,1.48,0.08
BB42,JC64,BUS,209,24,DSTRCT4,1.12,0.08
BB96,BA94,CAR,108,75,DSTRCT2,3.40,0.20
BA77,JD90,CAR,172,68,DSTRCT3,4.90,0.20
JD44,BB27,BUS,176,27,DSTRCT0,1.06,0.08
JC02,JD57,BUS,375,35,DSTRCT7,2.92,0.08
JD93,TC04,CAR,385,55,DSTRCT5,8.84,0.20
JD13,TC37,BUS,248,38,DSTRCT6,2.10,0.08
BA32,TC01,CAR,79,70,DSTRCT5,2.31,0.20
BB55,BB85,BUS,94,36,DSTRCT9,0.75,0.08
TC99,JD50,CAR,126,58,DSTRCT5,3.05,0.20
TC11,BB53,CAR,204,65,DSTRCT5,5.53,0.20
BA70,JC13,BUS,185,20,DSTRCT1,0.82,0.08
JD93,BA12,BUS,748,25,DSTRCT9,4.16,0.08
JC83,BA23,CAR,174,55,DSTRCT1,4.00,0.20
BA47,BB33,BUS,211,33,DSTRCT6,1.55,0.08
BB88,BA72,BUS,390,24,DSTRCT1,2.08,0.08
BB25,JC56,CAR,88,57,DSTRCT7,2.10,0.20
JD12,BB12,BUS,119,24,DSTRCT2,0.64,0.08
TC15,JC89,BUS,411,32,DSTRCT6,2.92,0.08
BA37,TC68,CAR,35,49,DSTRCT4,0.73,0.20
BB28,JC58,BUS,173,29,DSTRCT9,1.12,0.08
BB35,BA93,CAR,97,59,DSTRCT3,2.39,0.20
BB41,JD89,BUS,235,35,DSTRCT8,1.83,0.08
JD46,JD77,BUS,125,28,DSTRCT3,0.78,0.08
BA25,JD71,BUS,385,39,DSTRCT8,3.34,0.08
JD62,BA85,BUS,277,31,DSTRCT7,1.91,0.08
JD88,JC04,BUS,599,27,DSTRCT8,3.59,0.08
TC30,BB39,CAR,176,56,DSTRCT6,4.12,0.20
JC22,TC26,BUS,114,38,DSTRCT3,0.96,0.08
BA47,TC90,BUS,88,34,DSTRCT9,0.67,0.08
BB09,JD48,BUS,233,31,DSTRCT0,1.61,0.08
BB57,BA37,CAR,140,69,DSTRCT1,4.05,0.20
BA66,BA22,CAR,103,48,DSTRCT9,2.07,0.20
JD86,JC76,BUS,275,32,DSTRCT4,1.96,0.08
JD86,JD09,BUS,378,23,DSTRCT2,1.94,0.08
JC29,TC18,BUS,162,37,DSTRCT7,1.34,0.08
JD52,JC87,CAR,137,43,DSTRCT2,2.46,0.20
TC46,TC55,BUS,50,20,DSTRCT7,0.23,0.08
BA46,JC12,BUS,35,35,DSTRCT3,0.27,0.08
BA82,BA93,CAR,17,70,DSTRCT4,0.52,0.20
JC20,JD00,CAR,85,77,DSTRCT5,2.75,0.20
BB24,TC98,BUS,124,39,DSTRCT6,1.08,0.08
JC28,TC92,BUS,107,23,DSTRCT6,0.55,0.08
BB06,BB20,CAR,22,69,DSTRCT2,0.66,0.20
BB49,BA99,BUS,145,39,DSTRCT5,1.26,0.08
BA64,JC16,BUS,71,38,DSTRCT0,0.60,0.08
BB22,BA65,CAR,87,65,DSTRCT8,2.38,0.20
TC16,JC72,BUS,397,28,DSTRCT6,2.47,0.08
TC85,JC08,BUS,157,25,DSTRCT3,0.87,0.08
BA60,TC03,BUS,282,30,DSTRCT5,1.88,0.08
JC07,JC21,CAR,23,66,DSTRCT3,0.66,0.20
JC66,JC95,BUS,96,34,DSTRCT1,0.73,0.08
TC30,JC15,CAR,77,40,DSTRCT2,1.29,0.20
BA83,JC08,BUS,158,36,DSTRCT1,1.27,0.08
BA18,JC96,CAR,291,40,DSTRCT9,4.85,0.20
JD94,TC40,BUS,621,28,DSTRCT4,3.87,0.08
JD74,TC89,BUS,429,24,DSTRCT1,2.29,0.08
BB46,BB62,CAR,35,51,DSTRCT5,0.75,0.20
JD29,JC64,CAR,111,53,DSTRCT6,2.46,0.20
TC41,JC81,BUS,300,31,DSTRCT2,2.07,0.08
JD02,TC38,BUS,261,32,DSTRCT2,1.86,0.08
TC35,JD82,BUS,694,24,DSTRCT9,3.70,0.08
TC28,BA60,BUS,166,34,DSTRCT0,1.26,0.08
TC98,JD68,CAR,207,43,DSTRCT9,3.71,0.20
JC97,JC61,CAR,101,40,DSTRCT2,1.70,0.20
JC84,BB18,CAR,126,54,DSTRCT9,2.84,0.20
JC73,BB69,CAR,123,45,DSTRCT7,2.31,0.20
JD57,JC47,BUS,267,33,DSTRCT0,1.96,0.08
JD52,JC59,BUS,338,22,DSTRCT5,1.66,0.08
BA86,TC80,BUS,103,27,DSTRCT1,0.62,0.08
JD16,TC62,CAR,142,53,DSTRCT4,3.15,0.20
JD74,BB32,CAR,164,46,DSTRCT0,3.16,0.20
TC44,BB39,BUS,356,24,DSTRCT0,1.90,0.08
JC92,BA32,CAR,157,61,DSTRCT9,4.00,0.20
BB72,BB96,BUS,96,28,DSTRCT1,0.60,0.08
JD39,BA45,CAR,227,44,DSTRCT7,4.17,0.20
BB15,JC33,BUS,144,35,DSTRCT7,1.13,0.08
BB87,TC30,CAR,270,55,DSTRCT4,6.20,0.20
JC55,BB92,CAR,112,77,DSTRCT4,3.60,0.20
JD87,BB73,BUS,164,27,DSTRCT1,0.98,0.08
BA27,JD73,CAR,319,47,DSTRCT7,6.27,0.20
JC85,BB21,CAR,138,48,DSTRCT5,2.77,0.20
BB19,TC32,CAR,150,52,DSTRCT0,3.26,0.20
JC45,JC70,CAR,68,41,DSTRCT7,1.18,0.20
JD13,JC92,BUS,172,38,DSTRCT3,1.45,0.08
JD55,JD32,CAR,44,59,DSTRCT1,1.08,0.20
JD78,JC75,CAR,122,67,DSTRCT4,3.43,0.20
BB74,TC66,CAR,181,54,DSTRCT1,4.08,0.20
JC49,JD35,CAR,114,61,DSTRCT7,2.90,0.20
BA08,JC62,CAR,116,77,DSTRCT7,3.72,0.20
TC29,TC71,BUS,139,34,DSTRCT5,1.06,0.08
JD33,BA17,CAR,167,72,DSTRCT6,5.02,0.20
JC78,JD54,BUS,318,20,DSTRCT4,1.42,0.08
BA89,BB45,BUS,247,23,DSTRCT2,1.27,0.08
TC74,JD15,CAR,92,72,DSTRCT5,2.76,0.20
TC32,JD80,CAR,294,57,DSTRCT9,6.99,0.20
BB14,BA31,BUS,199,34,DSTRCT9,1.51,0.08
BA65,JD12,BUS,307,22,DSTRCT5,1.50,0.08
JD00,TC06,CAR,186,60,DSTRCT7,4.66,0.20
BB76,BB02,CAR,123,68,DSTRCT3,3.49,0.20
JD69,JD82,BUS,42,35,DSTRCT6,0.33,0.08
BB56,BA15,CAR,160,73,DSTRCT7,4.89,0.20
JD93,JC66,BUS,451,23,DSTRCT0,2.31,0.08
JC92,BB60,BUS,133,38,DSTRCT2,1.13,0.08
BB82,BB10,CAR,121,67,DSTRCT7,3.39,0.20
JC45,JC79,BUS,160,24,DSTRCT5,0.85,0.08
TC89,BB13,BUS,233,21,DSTRCT0,1.09,0.08
TC15,BA66,CAR,144,54,DSTRCT2,3.25,0.20
JC32,JC70,CAR,56,76,DSTRCT0,1.79,0.20
TC14,TC04,CAR,26,43,DSTRCT7,0.47,0.20
BB49,JC07,CAR,140,65,DSTRCT7,3.79,0.20
BA48,JC81,BUS,262,25,DSTRCT9,1.46,0.08
BA02,JD23,CAR,202,62,DSTRCT3,5.22,0.20
TC08,BB79,CAR,390,42,DSTRCT3,6.83,0.20
BB13,JC21,CAR,130,41,DSTRCT8,2.24,0.20
BB27,BA00,BUS,432,24,DSTRCT4,2.31,0.08
BA34,TC06,CAR,102,51,DSTRCT4,2.17,0.20
BB03,JC83,CAR,137,58,DSTRCT4,3.32,0.20
JC17,BB26,BUS,210,30,DSTRCT6,1.41,0.08
BA45,BB67,BUS,300,33,DSTRCT0,2.20,0.08
JC92,TC13,CAR,221,62,DSTRCT1,5.72,0.20
BA63,BB71,CAR,141,61,DSTRCT5,3.61,0.20
BB19,JD61,CAR,172,44,DSTRCT2,3.16,0.20
JD68,TC40,BUS,637,23,DSTRCT5,3.26,0.08
BA74,TC07,CAR,123,78,DSTRCT5,4.00,0.20
BB02,JC41,CAR,70,74,DSTRCT4,2.19,0.20
TC01,JD70,CAR,380,50,DSTRCT4,7.93,0.20
BA85,JC64,CAR,12,61,DSTRCT5,0.32,0.20
BB01,BB57,BUS,253,25,DSTRCT5,1.41,0.08
BB59,BA32,BUS,314,33,DSTRCT9,2.31,0.08
BA47,JD74,CAR,298,44,DSTRCT3,5.47,0.20
JD35,TC46,BUS,314,34,DSTRCT4,2.37,0.08
BA31,BA49,CAR,36,56,DSTRCT6,0.85,0.20
JC87,BA60,CAR,90,65,DSTRCT1,2.45,0.20
BB51,BB36,BUS,84,20,DSTRCT4,0.38,0.08
JD37,BB56,BUS,45,20,DSTRCT1,0.20,0.08
TC63,TC43,BUS,80,28,DSTRCT8,0.50,0.08
JC06,TC87,CAR,81,54,DSTRCT5,1.83,0.20
BA12,BB09,CAR,100,77,DSTRCT2,3.23,0.20
BA05,TC44,CAR,46,55,DSTRCT6,1.07,0.20
BA54,BA31,BUS,96,27,DSTRCT9,0.58,0.08
JC15,BB18,BUS,197,30,DSTRCT5,1.32,0.08
JD43,BA84,BUS,245,30,DSTRCT1,1.64,0.08
TC53,TC74,BUS,64,37,DSTRCT3,0.53,0.08
BB27,JD41,BUS,113,39,DSTRCT6,0.98,0.08
BA32,TC69,BUS,90,26,DSTRCT8,0.53,0.08
TC80,TC69,CAR,16,74,DSTRCT0,0.52,0.20
BB64,JD99,CAR,119,57,DSTRCT3,2.83,0.20
TC52,JD15,BUS,259,32,DSTRCT1,1.84,0.08
JC14,BA47,CAR,18,61,DSTRCT2,0.47,0.20
BB52,JC06,BUS,412,23,DSTRCT3,2.11,0.08
BB32,BB54,CAR,36,68,DSTRCT7,1.04,0.20
JD38,JC11,CAR,241,43,DSTRCT7,4.32,0.20
BB03,JD31,BUS,153,39,DSTRCT8,1.33,0.08
BA51,JC71,BUS,231,22,DSTRCT8,1.13,0.08
JD99,BB93,CAR,66,53,DSTRCT4,1.47,0.20
JD10,BB24,CAR,28,48,DSTRCT4,0.57,0.20
BA50,TC85,BUS,93,23,DSTRCT0,0.48,0.08
BB88,JC41,CAR,121,79,DSTRCT2,3.99,0.20
JC30,JD56,BUS,354,29,DSTRCT9,2.29,0.08
TC63,JC29,CAR,18,51,DSTRCT6,0.40,0.20
TC42,TC68,BUS,84,35,DSTRCT6,0.65,0.08
JD23,TC38,BUS,411,25,DSTRCT0,2.29,0.08
BB31,JD15,BUS,49,24,DSTRCT1,0.26,0.08
JC70,BA25,CAR,101,78,DSTRCT5,3.30,0.20
JC01,JC60,CAR,130,51,DSTRCT4,2.78,0.20
BA69,JC20,CAR,49,57,DSTRCT4,1.18,0.20
TC53,BA46,CAR,19,75,DSTRCT7,0.61,0.20
BA79,BA86,CAR,11,66,DSTRCT8,0.33,0.20
JC41,JD93,BUS,611,21,DSTRCT6,2.85,0.08
JD48,TC33,BUS,369,36,DSTRCT1,2.96,0.08
BB98,JD02,CAR,122,66,DSTRCT0,3.37,0.20
JD69,BA89,BUS,327,27,DSTRCT5,1.96,0.08
BB77,BA38,CAR,183,63,DSTRCT1,4.81,0.20
BA23,BB43,CAR,127,76,DSTRCT5,4.05,0.20
BB36,BA67,CAR,151,40,DSTRCT9,2.52,0.20
BB29,JC97,BUS,224,31,DSTRCT0,1.55,0.08
JD44,BB55,CAR,35,47,DSTRCT2,0.70,0.20
BB10,TC81,BUS,172,28,DSTRCT3,1.07,0.08
JC61,JC26,BUS,141,28,DSTRCT8,0.88,0.08
JC60,BA80,CAR,20,41,DSTRCT3,0.35,0.20
BB96,JC20,BUS,567,22,DSTRCT9,2.78,0.08
BA50,TC36,CAR,70,52,DSTRCT1,1.53,0.20
TC54,BB92,BUS,476,27,DSTRCT7,2.86,0.08
TC01,BA76,CAR,159,66,DSTRCT3,4.38,0.20
JC29,BB95,CAR,191,60,DSTRCT2,4.78,0.20
BB10,BB88,BUS,352,25,DSTRCT0,1.96,0.08
BA11,BB46,CAR,214,52,DSTRCT9,4.65,0.20
BB58,BA83,BUS,243,26,DSTRCT2,1.40,0.08
BA32,JD73,CAR,296,49,DSTRCT7,6.05,0.20
JC22,TC14,BUS,158,36,DSTRCT8,1.26,0.08
JD54,BA03,CAR,299,52,DSTRCT0,6.48,0.20
BA80,JD77,CAR,133,77,DSTRCT4,4.28,0.20
JC61,TC90,CAR,24,62,DSTRCT6,0.63,0.20
JD55,BB22,BUS,218,30,DSTRCT0,1.46,0.08
JC31,TC57,BUS,59,31,DSTRCT2,0.41,0.08
BB33,JD76,BUS,226,34,DSTRCT9,1.71,0.08
JD11,BA31,CAR,184,48,DSTRCT4,3.68,0.20
TC82,BA50,BUS,48,38,DSTRCT0,0.41,0.08
JD24,JD33,CAR,14,70,DSTRCT9,0.42,0.20
BB11,BA10,BUS,207,39,DSTRCT0,1.79,0.08
BB92,JD79,BUS,56,26,DSTRCT2,0.33,0.08
JC72,JC35,CAR,95,44,DSTRCT0,1.74,0.20
TC26,JD74,BUS,729,23,DSTRCT1,3.73,0.08
BB73,BB54,BUS,107,20,DSTRCT7,0.48,0.08
JC79,JD86,BUS,285,30,DSTRCT3,1.90,0.08
JC63,BB27,BUS,245,21,DSTRCT4,1.15,0.08
JD41,TC63,CAR,133,72,DSTRCT6,4.01,0.20
BB48,BA29,CAR,145,66,DSTRCT2,4.01,0.20
BA16,BB71,BUS,505,26,DSTRCT9,2.92,0.08
BA75,BA33,CAR,66,71,DSTRCT1,1.98,0.20
JD96,BB96,CAR,44,65,DSTRCT0,1.20,0.20
BB46,JC39,BUS,158,39,DSTRCT2,1.38,0.08
JC81,TC96,BUS,106,29,DSTRCT8,0.69,0.08
JC39,BA70,BUS,34,28,DSTRCT6,0.21,0.08
JC16,JC70,CAR,84,72,DSTRCT7,2.55,0.20
JD79,BB85,BUS,100,22,DSTRCT2,0.49,0.08
JC77,BB69,BUS,214,25,DSTRCT6,1.19,0.08
JC87,TC35,BUS,355,30,DSTRCT3,2.37,0.08
TC75,JD50,CAR,124,75,DSTRCT1,3.90,0.20
TC53,JD72,BUS,472,29,DSTRCT4,3.05,0.08
BB66,JC49,BUS,288,24,DSTRCT4,1.54,0.08
BA82,TC03,BUS,391,28,DSTRCT2,2.43,0.08
JC75,TC34,CAR,165,57,DSTRCT1,3.93,0.20
BB02,BA38,BUS,195,30,DSTRCT5,1.30,0.08
TC29,BA16,CAR,21,46,DSTRCT2,0.41,0.20
BB99,TC22,BUS,655,26,DSTRCT1,3.79,0.08
TC12,JC85,BUS,372,35,DSTRCT2,2.90,0.08
TC82,BB81,CAR,182,49,DSTRCT0,3.72,0.20
JC47,TC32,CAR,108,60,DSTRCT6,2.70,0.20
JD10,TC97,CAR,73,75,DSTRCT7,2.29,0.20
JC32,JC02,CAR,52,65,DSTRCT3,1.41,0.20
BA63,TC00,BUS,269,34,DSTRCT5,2.03,0.08
TC64,JC53,CAR,45,77,DSTRCT7,1.48,0.20
JC80,TC06,BUS,453,29,DSTRCT9,2.92,0.08
JD91,BA96,BUS,480,21,DSTRCT7,2.24,0.08
JC62,JD30,CAR,130,46,DSTRCT4,2.50,0.20
BB64,BA02,BUS,533,26,DSTRCT6,3.08,0.08
BB22,BA14,BUS,412,21,DSTRCT2,1.92,0.08
TC87,BA58,CAR,27,57,DSTRCT8,0.65,0.20
BB80,JD39,CAR,27,70,DSTRCT4,0.81,0.20
BB76,BA65,CAR,193,46,DSTRCT4,3.72,0.20
JD64,JD23,CAR,77,60,DSTRCT8,1.93,0.20
JC53,BA44,CAR,63,61,DSTRCT5,1.61,0.20
JD33,TC84,CAR,149,48,DSTRCT1,2.99,0.20
BB22,TC75,CAR,120,42,DSTRCT6,2.12,0.20
TC54,TC73,BUS,85,25,DSTRCT9,0.48,0.08
BB08,JC15,CAR,102,53,DSTRCT2,2.26,0.20
JC93,JD82,CAR,143,50,DSTRCT6,2.99,0.20
BB86,TC47,CAR,281,46,DSTRCT1,5.40,0.20
JC32,BB59,BUS,198,39,DSTRCT7,1.72,0.08
JD16,TC30,BUS,415,25,DSTRCT8,2.31,0.08
BB66,BA01,BUS,590,24,DSTRCT5,3.15,0.08
JD54,JC20,CAR,240,46,DSTRCT2,4.61,0.20
BA93,BA36,CAR,87,74,DSTRCT8,2.69,0.20
BB44,TC82,BUS,224,26,DSTRCT8,1.30,0.08
BA01,JC98,BUS,599,23,DSTRCT7,3.06,0.08
JD48,JC63,BUS,246,28,DSTRCT1,1.53,0.08
BA19,BB67,BUS,365,34,DSTRCT3,2.76,0.08
TC27,JD76,CAR,421,40,DSTRCT6,7.03,0.20
BA82,BA28,CAR,88,69,DSTRCT8,2.55,0.20
BA83,JC45,CAR,21,77,DSTRCT8,0.68,0.20
BA11,TC33,CAR,15,63,DSTRCT2,0.41,0.20
JD65,JC79,CAR,118,59,DSTRCT6,2.90,0.20
TC34,BB81,BUS,445,31,DSTRCT2,3.07,0.08
BB03,BB79,BUS,318,27,DSTRCT5,1.91,0.08
BA17,JC88,CAR,212,51,DSTRCT2,4.52,0.20
TC29,BB51,CAR,200,56,DSTRCT4,4.67,0.20
JD93,TC63,BUS,550,27,DSTRCT5,3.30,0.08
BB78,BB19,BUS,267,25,DSTRCT5,1.48,0.08
JD96,TC07,CAR,365,58,DSTRCT2,8.84,0.20
JD05,JC68,CAR,100,58,DSTRCT4,2.44,0.20
JD97,TC69,BUS,505,29,DSTRCT1,3.26,0.08
JD09,JC53,BUS,237,24,DSTRCT1,1.27,0.08
BA11,JD20,BUS,324,35,DSTRCT7,2.53,0.08
JD67,BB66,CAR,45,66,DSTRCT8,1.24,0.20
TC25,BB31,CAR,213,45,DSTRCT1,4.00,0.20
BA19,BA36,BUS,73,26,DSTRCT9,0.43,0.08
BA54,JD27,CAR,162,51,DSTRCT7,3.46,0.20
JD61,JD39,BUS,118,21,DSTRCT9,0.55,0.08
JD45,BB47,BUS,98,27,DSTRCT0,0.59,0.08
BA79,JC69,BUS,47,38,DSTRCT5,0.40,0.08
TC09,TC89,BUS,348,26,DSTRCT7,2.01,0.08
JC27,TC33,CAR,57,72,DSTRCT8,1.71,0.20
JC58,JC14,CAR,66,75,DSTRCT1,2.07,0.20
BB26,BA60,BUS,164,36,DSTRCT1,1.32,0.08
TC88,JD56,CAR,117,74,DSTRCT8,3.64,0.20
JD46,JD39,BUS,31,25,DSTRCT2,0.18,0.08
BA54,BA87,BUS,138,27,DSTRCT3,0.83,0.08
JC30,BA78,CAR,36,75,DSTRCT8,1.13,0.20
JD66,TC25,CAR,267,60,DSTRCT1,6.68,0.20
TC87,BA30,BUS,227,20,DSTRCT8,1.01,0.08
BB45,BB77,CAR,65,55,DSTRCT8,1.51,0.20
BA53,BB47,CAR,115,65,DSTRCT6,3.14,0.20
JC49,JC57,CAR,12,75,DSTRCT3,0.38,0.20
JD12,BB19,CAR,26,79,DSTRCT5,0.88,0.20
TC66,JD27,CAR,133,61,DSTRCT1,3.38,0.20
JD77,BA99,CAR,184,47,DSTRCT4,3.62,0.20
TC01,JD14,BUS,569,23,DSTRCT9,2.91,0.08
JD17,BA17,BUS,502,21,DSTRCT7,2.34,0.08
JD01,BB67,BUS,181,26,DSTRCT2,1.05,0.08
TC79,TC65,CAR,21,74,DSTRCT0,0.66,0.20
TC10,BB64,BUS,519,28,DSTRCT8,3.23,0.08
BA28,BA05,CAR,60,43,DSTRCT4,1.08,0.20
JD17,BA32,BUS,318,29,DSTRCT2,2.05,0.08
JD17,BB69,BUS,90,35,DSTRCT0,0.70,0.08
TC03,BA07,CAR,62,41,DSTRCT6,1.07,0.20
BB26,BA14,BUS,257,35,DSTRCT0,2.00,0.08
JD03,BB79,BUS,176,33,DSTRCT5,1.30,0.08
BB47,BB17,CAR,44,77,DSTRCT1,1.41,0.20
JD43,BA57,CAR,122,76,DSTRCT3,3.88,0.20
JD28,BA18,CAR,148,77,DSTRCT6,4.78,0.20
JC56,BB72,BUS,207,33,DSTRCT7,1.52,0.08
BA37,BB69,BUS,329,33,DSTRCT6,2.41,0.08
BA40,TC71,BUS,75,23,DSTRCT3,0.39,0.08
JC81,JC96,CAR,22,76,DSTRCT0,0.71,0.20
BB15,JD36,CAR,71,73,DSTRCT6,2.17,0.20
JC47,BB23,BUS,147,34,DSTRCT8,1.11,0.08
JC02,JD08,CAR,132,64,DSTRCT9,3.54,0.20
JD15,BA08,BUS,329,34,DSTRCT7,2.49,0.08
JC89,TC24,BUS,466,26,DSTRCT9,2.70,0.08
BB42,BA94,BUS,145,39,DSTRCT2,1.26,0.08
BA55,JD99,CAR,218,68,DSTRCT1,6.18,0.20
JD29,JC90,BUS,181,32,DSTRCT4,1.29,0.08
JC85,BA49,CAR,150,46,DSTRCT7,2.88,0.20
JD16,JC28,CAR,133,53,DSTRCT2,2.96,0.20
BA76,JC95,CAR,68,73,DSTRCT0,2.08,0.20
BB19,JC87,BUS,199,35,DSTRCT3,1.55,0.08
JD55,TC26,BUS,421,35,DSTRCT5,3.28,0.08
JC76,BA63,CAR,68,63,DSTRCT6,1.80,0.20
BB89,BA57,CAR,201,54,DSTRCT5,4.52,0.20
BB90,BA80,BUS,226,39,DSTRCT7,1.96,0.08
BA43,JD14,CAR,114,71,DSTRCT2,3.40,0.20
TC31,BB52,BUS,336,33,DSTRCT9,2.47,0.08
BB39,BB55,CAR,31,57,DSTRCT2,0.75,0.20
JC70,JC93,CAR,57,45,DSTRCT2,1.08,0.20
TC62,JD94,BUS,579,26,DSTRCT1,3.35,0.08
TC81,BA12,CAR,111,53,DSTRCT2,2.45,0.20
JC18,JD76,BUS,464,29,DSTRCT1,2.99,0.08
JD42,TC18,BUS,384,37,DSTRCT3,3.16,0.08
BA96,BB32,BUS,293,20,DSTRCT6,1.31,0.08
JD35,BA04,BUS,375,36,DSTRCT3,3.00,0.08
BA38,BB21,CAR,96,70,DSTRCT9,2.82,0.20
TC94,TC74,CAR,49,46,DSTRCT6,0.94,0.20
BA26,BA96,BUS,203,39,DSTRCT1,1.76,0.08
BB99,BA69,CAR,142,75,DSTRCT3,4.44,0.20
BB96,BB14,BUS,463,20,DSTRCT6,2.06,0.08
BA91,BA10,CAR,183,50,DSTRCT8,3.82,0.20
BB59,TC42,BUS,368,29,DSTRCT7,2.38,0.08
JC74,BA86,CAR,25,62,DSTRCT8,0.66,0.20
BA66,BB61,CAR,143,53,DSTRCT6,3.17,0.20
TC63,BB55,CAR,183,45,DSTRCT5,3.44,0.20
TC12,TC33,BUS,84,28,DSTRCT8,0.53,0.08
BB20,JD75,BUS,251,36,DSTRCT5,2.01,0.08
JC39,TC21,BUS,219,31,DSTRCT1,1.52,0.08
BB26,BA68,CAR,74,77,DSTRCT0,2.39,0.20
BB50,BB25,BUS,108,26,DSTRCT2,0.63,0.08
BA34,JC13,CAR,13,57,DSTRCT1,0.32,0.20
BB02,JC76,CAR,122,61,DSTRCT1,3.11,0.20
BA78,JD22,BUS,266,25,DSTRCT4,1.48,0.08
BB80,BA77,BUS,329,25,DSTRCT2,1.83,0.08
JC37,BB12,BUS,135,37,DSTRCT3,1.11,0.08
BB56,TC51,CAR,120,79,DSTRCT4,3.96,0.20
BB75,BB66,CAR,23,44,DSTRCT6,0.42,0.20
JC56,JC41,CAR,23,72,DSTRCT0,0.71,0.20
JD63,BA39,BUS,427,30,DSTRCT4,2.85,0.08
BA24,JC52,BUS,250,24,DSTRCT2,1.33,0.08
JC33,JD91,BUS,464,29,DSTRCT2,2.99,0.08
JC06,JD44,BUS,301,38,DSTRCT7,2.54,0.08
TC78,BA33,CAR,54,59,DSTRCT8,1.34,0.20
BA87,JD32,BUS,304,22,DSTRCT0,1.49,0.08
JC41,TC05,CAR,201,44,DSTRCT0,3.69,0.20
TC33,BA13,BUS,23,38,DSTRCT7,0.20,0.08
TC54,BA54,BUS,58,37,DSTRCT3,0.48,0.08
BA19,BA77,CAR,84,78,DSTRCT1,2.73,0.20
BB36,BB73,BUS,174,24,DSTRCT9,0.93,0.08
JD75,JC87,CAR,95,74,DSTRCT5,2.96,0.20
BB59,BA81,CAR,96,67,DSTRCT9,2.70,0.20
BB94,JC24,CAR,212,56,DSTRCT8,4.95,0.20
TC89,TC14,BUS,339,25,DSTRCT1,1.89,0.08
JD16,JD41,BUS,83,34,DSTRCT6,0.63,0.08
BA64,BB95,CAR,244,44,DSTRCT1,4.48,0.20
BA51,TC97,CAR,55,60,DSTRCT3,1.39,0.20
TC33,BB72,CAR,190,68,DSTRCT1,5.40,0.20
TC14,BA73,BUS,434,20,DSTRCT1,1.93,0.08
BA09,JC33,CAR,132,42,DSTRCT4,2.31,0.20
TC47,BB63,BUS,460,23,DSTRCT1,2.35,0.08
BA14,BA80,BUS,298,25,DSTRCT6,1.66,0.08
JC87,JC64,CAR,50,52,DSTRCT1,1.08,0.20
JD79,BB69,BUS,189,21,DSTRCT0,0.89,0.08
TC19,BB05,CAR,108,71,DSTRCT9,3.22,0.20
BA76,BB81,BUS,233,36,DSTRCT1,1.87,0.08
JC45,TC78,CAR,24,44,DSTRCT6,0.44,0.20
TC17,JC03,CAR,65,49,DSTRCT7,1.33,0.20
JC58,BB66,BUS,201,31,DSTRCT8,1.39,0.08
BA27,BB83,BUS,441,30,DSTRCT4,2.94,0.08
JC23,JD59,CAR,173,65,DSTRCT8,4.69,0.20
JC03,JC31,CAR,62,51,DSTRCT7,1.32,0.20
BB76,BA17,BUS,366,37,DSTRCT8,3.01,0.08
JD76,TC52,BUS,490,29,DSTRCT0,3.16,0.08
BA96,JC92,BUS,86,28,DSTRCT7,0.54,0.08
BB59,BA65,CAR,99,76,DSTRCT1,3.14,0.20
BB13,BA45,CAR,133,45,DSTRCT9,2.50,0.20
BB56,JD13,BUS,58,37,DSTRCT6,0.48,0.08
TC33,BA68,CAR,122,49,DSTRCT4,2.50,0.20
JD30,JC16,CAR,133,69,DSTRCT0,3.83,0.20
BB91,JD61,CAR,13,67,DSTRCT1,0.37,0.20
BB10,BB00,BUS,33,34,DSTRCT3,0.25,0.08
TC75,TC49,CAR,61,48,DSTRCT0,1.23,0.20
BB99,BB59,BUS,156,29,DSTRCT8,1.01,0.08
BB14,TC28,CAR,117,66,DSTRCT3,3.22,0.20
BA35,TC08,CAR,94,54,DSTRCT1,2.13,0.20
BA12,JD91,CAR,385,48,DSTRCT9,7.71,0.20
TC91,JD59,BUS,415,21,DSTRCT3,1.94,0.08
JD43,JC78,CAR,76,77,DSTRCT8,2.46,0.20
BB33,JD87,CAR,165,54,DSTRCT8,3.72,0.20
JC34,BB16,BUS,169,30,DSTRCT0,1.13,0.08
BB06,JD91,BUS,621,20,DSTRCT3,2.76,0.08
BB06,JD11,CAR,59,58,DSTRCT1,1.43,0.20
TC88,BB53,CAR,97,62,DSTRCT9,2.52,0.20
TC76,JD08,CAR,85,71,DSTRCT3,2.54,0.20
TC60,BA91,CAR,79,70,DSTRCT1,2.31,0.20
JD21,JD67,CAR,104,50,DSTRCT4,2.17,0.20
JC39,BB24,CAR,87,59,DSTRCT4,2.14,0.20
TC68,JC63,BUS,200,21,DSTRCT9,0.94,0.08
JC29,BA03,BUS,156,37,DSTRCT2,1.28,0.08
BA01,TC12,CAR,26,42,DSTRCT2,0.47,0.20
BA82,BA20,BUS,304,23,DSTRCT6,1.56,0.08
JC75,JD22,CAR,138,41,DSTRCT2,2.36,0.20
TC17,TC56,BUS,169,26,DSTRCT0,0.98,0.08
BA22,BB48,BUS,467,22,DSTRCT6,2.29,0.08
TC71,BA37,BUS,70,29,DSTRCT4,0.46,0.08
JD23,JD61,BUS,110,39,DSTRCT6,0.96,0.08
JD52,JC84,BUS,273,22,DSTRCT8,1.34,0.08
BB00,JD19,BUS,237,21,DSTRCT7,1.11,0.08
BA66,BA36,BUS,125,27,DSTRCT1,0.75,0.08
BA92,TC57,BUS,176,34,DSTRCT9,1.33,0.08
JC62,BA09,CAR,220,40,DSTRCT2,3.67,0.20
BA63,JC93,CAR,105,59,DSTRCT8,2.59,0.20
JC74,BB81,CAR,98,63,DSTRCT7,2.58,0.20
BA95,BA74,BUS,103,23,DSTRCT3,0.53,0.08
TC77,BA49,BUS,56,26,DSTRCT1,0.32,0.08
BB34,BB27,BUS,23,33,DSTRCT2,0.18,0.08
BA81,TC86,CAR,21,78,DSTRCT6,0.69,0.20
JC42,JC69,BUS,138,22,DSTRCT3,0.68,0.08
JD69,BB42,CAR,122,48,DSTRCT8,2.45,0.20
BB97,JD85,CAR,32,49,DSTRCT2,0.66,0.20
BB67,JD04,CAR,66,66,DSTRCT1,1.82,0.20
BB93,BA05,CAR,377,44,DSTRCT6,6.92,0.20
BB50,TC70,CAR,133,54,DSTRCT2,3.00,0.20
BB66,JD14,BUS,105,30,DSTRCT2,0.70,0.08
BB98,JD28,CAR,74,69,DSTRCT9,2.15,0.20
JC09,TC90,CAR,57,76,DSTRCT1,1.83,0.20
JD91,BB72,BUS,217,23,DSTRCT3,1.11,0.08
JD98,TC69,CAR,234,63,DSTRCT6,6.15,0.20
JD51,BB11,CAR,179,41,DSTRCT2,3.06,0.20
JC57,BB62,CAR,79,76,DSTRCT5,2.52,0.20
TC05,BB27,CAR,193,58,DSTRCT3,4.67,0.20
TC51,BA20,BUS,69,25,DSTRCT9,0.39,0.08
JC22,JD24,CAR,173,47,DSTRCT1,3.40,0.20
JD77,BB57,BUS,137,37,DSTRCT2,1.13,0.08
JD43,TC42,BUS,329,36,DSTRCT3,2.64,0.08
JC65,TC94,CAR,35,43,DSTRCT7,0.63,0.20
BA94,JD26,BUS,235,27,DSTRCT6,1.41,0.08
JD27,JC08,CAR,181,53,DSTRCT2,4.01,0.20
JC62,JD53,BUS,228,32,DSTRCT3,1.62,0.08
JC53,BB43,CAR,85,62,DSTRCT2,2.21,0.20
TC90,TC28,BUS,233,30,DSTRCT8,1.56,0.08
TC49,JD54,CAR,215,57,DSTRCT6,5.11,0.20
TC02,JC36,BUS,261,33,DSTRCT0,1.92,0.08
BB05,BA50,CAR,81,70,DSTRCT9,2.37,0.20
JD88,JD97,BUS,42,24,DSTRCT0,0.23,0.08
JC83,BB48,CAR,84,61,DSTRCT2,2.14,0.20
JC85,TC34,BUS,277,38,DSTRCT1,2.34,0.08
JD90,JC22,CAR,289,50,DSTRCT7,6.04,0.20
BA78,BA48,CAR,72,47,DSTRCT1,1.41,0.20
BA14,JC13,BUS,131,21,DSTRCT2,0.61,0.08
BA04,JD16,CAR,248,47,DSTRCT2,4.86,0.20
BB78,JC57,CAR,101,71,DSTRCT5,3.02,0.20
BB02,JD57,BUS,291,31,DSTRCT9,2.01,0.08
BA92,JC47,CAR,32,74,DSTRCT2,0.99,0.20
JD31,JC89,CAR,93,61,DSTRCT2,2.39,0.20
BA16,JC13,BUS,68,37,DSTRCT6,0.57,0.08
BB48,JD72,BUS,191,29,DSTRCT7,1.23,0.08
JD96,JC29,BUS,378,38,DSTRCT1,3.20,0.08
JC16,BB35,CAR,112,63,DSTRCT6,2.95,0.20
JC31,BB60,CAR,172,46,DSTRCT3,3.30,0.20
JD86,JC30,CAR,213,62,DSTRCT3,5.52,0.20
JC07,TC02,BUS,167,32,DSTRCT6,1.19,0.08
BB55,TC57,BUS,226,39,DSTRCT1,1.96,0.08
JC64,TC43,CAR,105,68,DSTRCT7,2.98,0.20
JD99,BB83,BUS,166,28,DSTRCT5,1.03,0.08
BA40,JD96,CAR,272,59,DSTRCT9,6.70,0.20
JD56,JC09,BUS,456,27,DSTRCT8,2.74,0.08
BB75,BA62,CAR,197,46,DSTRCT5,3.79,0.20
TC36,JD05,CAR,157,56,DSTRCT1,3.67,0.20
TC64,BA31,CAR,31,62,DSTRCT6,0.81,0.20
BA05,BA37,CAR,53,68,DSTRCT7,1.51,0.20
TC96,JD76,CAR,161,61,DSTRCT6,4.09,0.20
JC69,TC91,CAR,31,72,DSTRCT2,0.96,0.20
JD18,BB36,BUS,33,30,DSTRCT9,0.22,0.08
BA64,BA73,BUS,46,22,DSTRCT2,0.23,0.08
BA96,JC42,CAR,51,65,DSTRCT9,1.41,0.20
JD76,JC10,CAR,198,72,DSTRCT2,5.95,0.20
JD79,BA53,BUS,433,30,DSTRCT0,2.89,0.08
JD24,TC56,CAR,158,55,DSTRCT7,3.64,0.20
JC17,TC95,BUS,139,29,DSTRCT7,0.90,0.08
JC61,JD25,CAR,79,74,DSTRCT0,2.45,0.20
JD81,JD60,CAR,37,63,DSTRCT9,0.99,0.20
JD44,TC75,BUS,259,34,DSTRCT6,1.96,0.08
TC58,BA46,BUS,35,30,DSTRCT3,0.23,0.08
BB90,JC21,CAR,261,45,DSTRCT8,4.91,0.20
JD73,BA43,BUS,516,26,DSTRCT0,2.98,0.08
JD58,BA29,BUS,634,21,DSTRCT0,2.96,0.08
BB59,BA71,BUS,244,29,DSTRCT6,1.58,0.08
BB16,BA89,CAR,155,40,DSTRCT8,2.60,0.20
JC69,BA52,BUS,153,31,DSTRCT6,1.06,0.08
BB82,JD75,CAR,45,46,DSTRCT9,0.88,0.20
JC95,JD53,CAR,75,76,DSTRCT9,2.39,0.20
BB97,JD22,BUS,163,35,DSTRCT9,1.27,0.08
JC34,TC53,CAR,65,40,DSTRCT8,1.10,0.20
JD42,JD87,BUS,242,21,DSTRCT1,1.13,0.08
BB31,JC55,BUS,151,33,DSTRCT8,1.11,0.08
JD09,BB67,CAR,84,45,DSTRCT6,1.59,0.20
TC38,JD99,CAR,279,65,DSTRCT0,7.57,0.20
TC61,BB37,CAR,107,64,DSTRCT1,2.86,0.20
JD54,JD73,BUS,69,31,DSTRCT1,0.48,0.08
TC70,JC93,CAR,180,41,DSTRCT2,3.08,0.20
JC23,BA38,BUS,34,37,DSTRCT5,0.28,0.08
JC98,TC46,CAR,217,49,DSTRCT1,4.44,0.20
JC43,TC06,CAR,122,73,DSTRCT8,3.74,0.20
BB74,JC60,CAR,151,44,DSTRCT7,2.79,0.20
BA63,BA34,BUS,86,38,DSTRCT0,0.73,0.08
JC19,JC95,BUS,245,35,DSTRCT8,1.91,0.08
JC90,BB81,CAR,106,50,DSTRCT3,2.22,0.20
JC96,BB05,BUS,242,37,DSTRCT9,1.99,0.08
JC29,JD33,CAR,173,48,DSTRCT6,3.47,0.20
TC45,JD23,BUS,437,22,DSTRCT8,2.14,0.08
BB61,JD90,BUS,235,26,DSTRCT3,1.36,0.08
TC21,BA38,CAR,66,60,DSTRCT8,1.66,0.20
BA07,TC06,BUS,86,26,DSTRCT9,0.50,0.08
JC33,JC11,BUS,113,22,DSTRCT5,0.55,0.08
BA63,JD51,BUS,379,25,DSTRCT6,2.11,0.08
JD13,BA10,BUS,400,27,DSTRCT5,2.40,0.08
JD35,JD65,BUS,109,31,DSTRCT0,0.75,0.08
BB65,JD48,CAR,25,42,DSTRCT1,0.45,0.20
TC95,TC44,BUS,169,34,DSTRCT1,1.28,0.08
BA44,JD18,CAR,141,59,DSTRCT9,3.49,0.20
BB93,JC70,BUS,255,29,DSTRCT6,1.64,0.08
JC17,TC16,BUS,181,27,DSTRCT0,1.09,0.08
BB56,JD36,BUS,21,39,DSTRCT5,0.19,0.08
TC40,JD53,BUS,353,37,DSTRCT9,2.91,0.08
JC95,JC56,CAR,68,64,DSTRCT0,1.84,0.20
JD13,JC35,BUS,209,31,DSTRCT9,1.44,0.08
BB33,TC59,BUS,305,22,DSTRCT8,1.49,0.08
BA19,BA75,BUS,243,26,DSTRCT3,1.41,0.08
BA03,BB17,CAR,133,69,DSTRCT4,3.83,0.20
TC56,BA56,CAR,40,53,DSTRCT8,0.90,0.20
JD68,BB85,BUS,27,39,DSTRCT6,0.24,0.08
BB09,JC78,CAR,115,61,DSTRCT0,2.94,0.20
BB02,BA19,CAR,153,44,DSTRCT0,2.82,0.20
JD55,JC75,CAR,111,59,DSTRCT6,2.75,0.20
TC40,JD92,BUS,491,35,DSTRCT2,3.82,0.08
BB35,BB75,BUS,181,25,DSTRCT2,1.01,0.08
BB25,JC21,CAR,124,48,DSTRCT9,2.50,0.20
BA97,JC22,BUS,163,35,DSTRCT0,1.27,0.08
JC83,BA11,CAR,261,42,DSTRCT3,4.57,0.20
BB44,BA40,CAR,122,68,DSTRCT8,3.47,0.20
TC53,BB27,BUS,248,27,DSTRCT2,1.49,0.08
BB38,JD64,CAR,73,79,DSTRCT4,2.41,0.20
BA15,BB67,BUS,338,38,DSTRCT6,2.85,0.08
JD71,TC18,CAR,353,49,DSTRCT3,7.21,0.20
JC85,JD52,CAR,93,64,DSTRCT8,2.49,0.20
BA76,JD39,BUS,271,28,DSTRCT5,1.69,0.08
BB04,JD39,BUS,219,31,DSTRCT0,1.51,0.08
TC88,JD55,CAR,127,68,DSTRCT9,3.60,0.20
JC33,BB10,BUS,147,34,DSTRCT3,1.11,0.08
BA40,TC18,CAR,89,51,DSTRCT8,1.90,0.20
JC56,JD17,CAR,89,65,DSTRCT4,2.41,0.20
TC88,TC78,BUS,33,34,DSTRCT7,0.25,0.08
JC63,BB85,CAR,133,55,DSTRCT8,3.05,0.20
TC66,JC34,CAR,15,78,DSTRCT0,0.49,0.20
TC88,JD73,CAR,180,57,DSTRCT5,4.29,0.20
TC96,JC98,BUS,217,23,DSTRCT3,1.11,0.08
JD18,BB55,BUS,43,35,DSTRCT4,0.34,0.08
BA14,JD57,CAR,267,55,DSTRCT8,6.14,0.20
TC67,JC93,BUS,386,20,DSTRCT9,1.72,0.08
BB75,JD91,BUS,141,33,DSTRCT5,1.03,0.08
BB64,BB36,BUS,109,29,DSTRCT5,0.70,0.08
JC34,TC61,BUS,48,36,DSTRCT2,0.39,0.08
JC80,BB67,BUS,216,24,DSTRCT1,1.15,0.08
JC06,JC37,CAR,87,40,DSTRCT2,1.46,0.20
JD37,BB08,BUS,226,27,DSTRCT0,1.36,0.08
BA52,BB47,BUS,230,33,DSTRCT5,1.69,0.08
BA56,BB50,CAR,132,57,DSTRCT6,3.14,0.20
TC53,JC68,BUS,281,23,DSTRCT9,1.44,0.08
BB87,TC80,BUS,484,20,DSTRCT5,2.15,0.08
BA31,TC02,BUS,190,28,DSTRCT6,1.18,0.08
BA39,BB10,CAR,88,69,DSTRCT6,2.56,0.20
BB28,JD28,CAR,57,50,DSTRCT2,1.20,0.20
JC90,JC75,BUS,45,37,DSTRCT6,0.38,0.08
TC94,TC24,CAR,107,74,DSTRCT6,3.30,0.20
BB42,JD55,CAR,78,55,DSTRCT5,1.80,0.20
JC37,TC39,BUS,182,25,DSTRCT2,1.01,0.08
BB15,BA14,CAR,146,55,DSTRCT5,3.36,0.20
JC26,JC34,CAR,12,74,DSTRCT2,0.38,0.20
JC05,JD03,CAR,124,63,DSTRCT7,3.26,0.20
JC52,BA14,BUS,274,26,DSTRCT3,1.58,0.08
JC41,TC28,BUS,312,20,DSTRCT3,1.39,0.08
TC87,JC13,BUS,119,30,DSTRCT6,0.80,0.08
BA22,JC15,BUS,68,31,DSTRCT2,0.47,0.08
BA17,TC58,CAR,47,59,DSTRCT3,1.16,0.20
TC57,BA17,CAR,57,47,DSTRCT3,1.12,0.20
JD20,TC82,CAR,136,47,DSTRCT0,2.68,0.20
JC28,BB25,CAR,96,58,DSTRCT1,2.33,0.20
JD35,JD86,CAR,84,68,DSTRCT0,2.40,0.20
BA36,TC40,BUS,54,32,DSTRCT1,0.39,0.08
BA86,JC64,CAR,13,55,DSTRCT4,0.30,0.20
TC76,JD70,CAR,141,79,DSTRCT0,4.66,0.20
TC92,BA55,BUS,94,25,DSTRCT3,0.53,0.08
JC29,BB50,CAR,114,63,DSTRCT3,3.02,0.20
BB36,TC00,CAR,180,70,DSTRCT8,5.27,0.20
JC88,BB88,CAR,84,68,DSTRCT3,2.40,0.20
BB42,BB97,BUS,183,34,DSTRCT9,1.38,0.08
TC11,BA00,BUS,28,39,DSTRCT1,0.25,0.08
BB08,BA68,BUS,169,34,DSTRCT6,1.28,0.08
JC36,BB10,CAR,125,40,DSTRCT6,2.09,0.20
BA01,BA63,CAR,89,78,DSTRCT1,2.92,0.20
JD88,JC89,BUS,263,30,DSTRCT4,1.76,0.08
JC04,TC63,CAR,47,40,DSTRCT1,0.79,0.20
TC99,BA35,BUS,143,37,DSTRCT4,1.18,0.08
BA32,JC83,BUS,306,28,DSTRCT9,1.91,0.08
JD85,BA17,BUS,456,38,DSTRCT9,3.85,0.08
BB35,BB61,CAR,45,64,DSTRCT1,1.23,0.20
JD33,BB05,BUS,222,27,DSTRCT3,1.33,0.08
JD33,BB99,BUS,157,30,DSTRCT1,1.05,0.08
JD18,TC63,BUS,218,35,DSTRCT0,1.70,0.08
BA00,TC26,CAR,16,79,DSTRCT6,0.53,0.20
BB69,JD07,BUS,147,29,DSTRCT6,0.95,0.08
JC94,BA33,BUS,313,31,DSTRCT5,2.16,0.08
TC89,BB40,CAR,74,70,DSTRCT1,2.18,0.20
TC19,JD07,CAR,203,52,DSTRCT0,4.41,0.20
BB95,JC14,CAR,213,61,DSTRCT9,5.42,0.20
JD86,BA78,BUS,352,32,DSTRCT8,2.51,0.08
JC26,BB04,CAR,71,70,DSTRCT2,2.09,0.20
BA61,TC30,CAR,80,69,DSTRCT4,2.31,0.20
JC59,TC22,CAR,149,60,DSTRCT1,3.74,0.20
BA63,BB34,BUS,211,29,DSTRCT4,1.36,0.08
BA48,JC08,CAR,29,62,DSTRCT4,0.77,0.20
JC75,BB72,CAR,114,49,DSTRCT3,2.33,0.20
BA82,JC39,BUS,86,25,DSTRCT9,0.48,0.08
TC27,JD36,CAR,183,69,DSTRCT7,5.28,0.20
TC61,JD20,BUS,234,34,DSTRCT5,1.77,0.08
TC97,BA47,CAR,92,41,DSTRCT3,1.57,0.20
JD58,BB23,CAR,93,73,DSTRCT6,2.83,0.20
BB27,JC08,CAR,107,66,DSTRCT3,2.95,0.20
JD54,JC58,CAR,116,66,DSTRCT4,3.20,0.20
BA56,JC16,CAR,36,50,DSTRCT6,0.77,0.20
BA13,JD18,CAR,177,62,DSTRCT8,4.58,0.20
BA37,BA73,BUS,104,39,DSTRCT0,0.91,0.08
BB37,TC92,BUS,128,39,DSTRCT4,1.11,0.08
JD81,BB44,CAR,103,68,DSTRCT5,2.92,0.20
JD87,TC97,CAR,182,59,DSTRCT9,4.49,0.20
BB35,JD96,CAR,167,58,DSTRCT2,4.05,0.20
TC87,TC22,BUS,193,38,DSTRCT2,1.63,0.08
TC23,JC20,BUS,158,28,DSTRCT1,0.99,0.08
JC57,JC65,BUS,36,25,DSTRCT9,0.20,0.08
JD59,BA25,CAR,226,61,DSTRCT8,5.76,0.20
BA02,BA68,BUS,213,35,DSTRCT5,1.66,0.08
TC54,JC70,BUS,329,20,DSTRCT7,1.47,0.08
JC48,BA70,CAR,10,71,DSTRCT5,0.30,0.20
JD91,BB47,CAR,121,64,DSTRCT0,3.25,0.20
JC97,JD39,CAR,127,45,DSTRCT1,2.39,0.20
JD70,JC95,CAR,140,45,DSTRCT4,2.63,0.20
JD35,JC53,BUS,248,27,DSTRCT5,1.49,0.08
JC13,TC76,CAR,31,75,DSTRCT5,0.98,0.20
BB24,BA67,CAR,111,51,DSTRCT4,2.38,0.20
BA65,JC72,BUS,121,30,DSTRCT0,0.81,0.08
JD05,JD38,BUS,138,27,DSTRCT5,0.83,0.08
BB82,TC54,BUS,492,24,DSTRCT2,2.63,0.08
JD40,BA30,CAR,197,58,DSTRCT9,4.78,0.20
JD43,TC87,CAR,122,63,DSTRCT5,3.21,0.20
JD89,BA84,BUS,500,22,DSTRCT2,2.44,0.08
BB76,JD24,BUS,150,21,DSTRCT4,0.70,0.08
BA96,BA53,BUS,147,33,DSTRCT7,1.08,0.08
JD84,BA86,CAR,131,79,DSTRCT0,4.32,0.20
JD34,BB70,BUS,40,35,DSTRCT1,0.32,0.08
TC84,TC72,CAR,27,50,DSTRCT4,0.57,0.20
JD29,JD36,CAR,14,55,DSTRCT1,0.33,0.20
TC55,JD35,CAR,134,73,DSTRCT7,4.09,0.20
JC39,JC02,CAR,99,42,DSTRCT6,1.74,0.20
TC05,TC61,CAR,140,45,DSTRCT5,2.64,0.20
JC70,BA29,CAR,99,75,DSTRCT6,3.11,0.20
JD03,BB35,CAR,21,48,DSTRCT1,0.44,0.20
TC40,JC63,CAR,115,64,DSTRCT0,3.08,0.20
JD93,JC63,CAR,169,63,DSTRCT6,4.44,0.20
BB37,BA04,BUS,322,34,DSTRCT3,2.43,0.08
BB10,JD22,CAR,95,44,DSTRCT2,1.75,0.20
BA18,BB79,BUS,417,33,DSTRCT6,3.06,0.08
BA94,TC68,CAR,118,42,DSTRCT6,2.08,0.20
JC49,TC84,BUS,22,37,DSTRCT5,0.19,0.08
TC83,JD37,CAR,106,71,DSTRCT8,3.15,0.20
JD63,JD31,CAR,59,61,DSTRCT1,1.51,0.20
BA61,TC59,BUS,65,36,DSTRCT4,0.53,0.08
JD17,BB07,BUS,104,38,DSTRCT1,0.89,0.08
BB20,BB31,BUS,62,20,DSTRCT4,0.28,0.08
BA12,BA58,CAR,69,75,DSTRCT3,2.17,0.20
BA87,BA98,CAR,18,67,DSTRCT2,0.52,0.20
JC71,JC11,BUS,234,29,DSTRCT0,1.51,0.08
TC07,BB95,CAR,325,56,DSTRCT7,7.60,0.20
TC08,BB05,CAR,121,72,DSTRCT8,3.64,0.20
BB49,JC98,BUS,258,22,DSTRCT4,1.26,0.08
JD98,TC63,BUS,769,20,DSTRCT6,3.42,0.08
BB40,JC92,BUS,158,37,DSTRCT7,1.30,0.08
JD23,BA67,CAR,101,71,DSTRCT3,3.00,0.20
BA19,TC69,CAR,55,68,DSTRCT9,1.57,0.20
JD54,BB71,BUS,40,27,DSTRCT4,0.24,0.08
BB75,BA19,BUS,576,23,DSTRCT6,2.94,0.08
JD11,BB19,CAR,37,53,DSTRCT0,0.83,0.20
TC61,JD87,CAR,248,58,DSTRCT4,6.02,0.20
BA84,BB03,BUS,180,37,DSTRCT5,1.48,0.08
TC75,TC32,BUS,202,24,DSTRCT0,1.08,0.08
BA18,BA99,CAR,187,49,DSTRCT6,3.82,0.20
JD53,BA73,BUS,276,32,DSTRCT6,1.96,0.08
BA95,BA76,CAR,35,61,DSTRCT4,0.90,0.20
BA32,TC80,CAR,58,61,DSTRCT2,1.48,0.20
BA63,JD33,BUS,351,23,DSTRCT9,1.80,0.08
TC55,JD62,BUS,623,20,DSTRCT8,2.77,0.08
BA96,JC15,CAR,82,78,DSTRCT5,2.67,0.20
BB96,BA70,CAR,151,68,DSTRCT0,4.29,0.20
JD43,TC42,BUS,329,36,DSTRCT4,2.64,0.08
JD27,BA10,BUS,433,28,DSTRCT7,2.70,0.08
BB31,JC44,CAR,97,53,DSTRCT0,2.16,0.20
JD85,BA18,BUS,441,39,DSTRCT8,3.83,0.08
BA54,JD96,BUS,384,38,DSTRCT1,3.25,0.08
TC24,BA62,BUS,192,33,DSTRCT3,1.41,0.08
TC91,JC19,CAR,71,47,DSTRCT8,1.40,0.20
BA99,BB36,CAR,146,40,DSTRCT5,2.44,0.20
BB47,TC70,BUS,217,32,DSTRCT5,1.55,0.08
JC41,JD63,BUS,309,32,DSTRCT7,2.20,0.08
BB33,TC09,CAR,203,56,DSTRCT5,4.75,0.20
BA42,BB99,CAR,173,77,DSTRCT5,5.56,0.20
JD97,BA27,BUS,797,22,DSTRCT0,3.90,0.08
JD11,BB72,CAR,69,60,DSTRCT4,1.73,0.20
TC46,TC72,CAR,50,58,DSTRCT0,1.23,0.20
BA99,BB33,CAR,76,78,DSTRCT3,2.48,0.20
BB84,JC75,CAR,93,68,DSTRCT4,2.64,0.20
TC67,JC48,CAR,64,41,DSTRCT7,1.10,0.20
JD20,BA88,CAR,82,77,DSTRCT9,2.65,0.20
BA72,JC00,BUS,207,26,DSTRCT8,1.20,0.08
BA51,BB17,BUS,204,29,DSTRCT4,1.32,0.08
JD86,TC13,CAR,347,56,DSTRCT6,8.11,0.20
JD66,BA51,BUS,322,37,DSTRCT9,2.65,0.08
JC99,BA04,CAR,218,62,DSTRCT6,5.65,0.20
JC24,JC09,BUS,44,38,DSTRCT9,0.38,0.08
JD53,JD83,CAR,48,70,DSTRCT2,1.41,0.20
JC53,JD95,BUS,408,29,DSTRCT4,2.63,0.08
JD78,BA73,CAR,186,59,DSTRCT4,4.58,0.20
JC38,JD67,BUS,310,34,DSTRCT1,2.35,0.08
BB98,JD59,CAR,22,79,DSTRCT7,0.72,0.20
TC34,BA80,BUS,195,37,DSTRCT9,1.61,0.08
JD72,BA98,CAR,121,69,DSTRCT1,3.49,0.20
TC07,JD30,CAR,328,43,DSTRCT4,5.89,0.20
TC44,TC63,CAR,27,78,DSTRCT7,0.90,0.20
TC58,JD28,BUS,234,38,DSTRCT2,1.98,0.08
BA69,BA54,CAR,32,52,DSTRCT6,0.71,0.20
JC70,BA33,BUS,179,39,DSTRCT8,1.56,0.08
JC32,BA15,CAR,93,51,DSTRCT6,1.99,0.20
BA99,TC07,BUS,443,28,DSTRCT0,2.76,0.08
BB57,BA45,CAR,195,46,DSTRCT2,3.75,0.20
TC09,BA57,CAR,165,45,DSTRCT3,3.11,0.20
BB97,JD36,BUS,118,35,DSTRCT1,0.92,0.08
BA82,TC09,BUS,321,32,DSTRCT5,2.28,0.08
TC12,JC62,BUS,289,36,DSTRCT5,2.32,0.08
TC13,JC03,CAR,71,51,DSTRCT5,1.52,0.20
BA49,BB93,CAR,177,68,DSTRCT9,5.02,0.20
BB23,BA80,CAR,87,65,DSTRCT6,2.38,0.20
BA73,BA31,CAR,75,63,DSTRCT9,1.98,0.20
BA92,BA70,CAR,42,58,DSTRCT9,1.04,0.20
JD34,BB83,BUS,104,27,DSTRCT6,0.63,0.08
JD22,JD59,CAR,59,70,DSTRCT6,1.74,0.20
JC44,BB84,BUS,445,20,DSTRCT0,1.98,0.08
JD64,JC82,BUS,172,39,DSTRCT7,1.49,0.08
BB73,BB84,BUS,33,37,DSTRCT2,0.28,0.08
JC53,BA66,BUS,49,30,DSTRCT3,0.33,0.08
BB36,TC33,BUS,357,26,DSTRCT2,2.07,0.08
TC90,TC09,BUS,261,35,DSTRCT4,2.04,0.08
BB05,BB96,BUS,332,31,DSTRCT1,2.29,0.08
BB14,BB63,BUS,263,21,DSTRCT9,1.23,0.08
JC59,JC49,CAR,20,54,DSTRCT7,0.47,0.20
BA65,TC86,BUS,44,21,DSTRCT3,0.21,0.08
JC19,BA62,BUS,86,25,DSTRCT3,0.48,0.08
BB42,JD88,BUS,349,23,DSTRCT9,1.78,0.08
BB24,BB82,BUS,298,22,DSTRCT6,1.46,0.08
BA50,BA22,CAR,50,63,DSTRCT0,1.32,0.20
JC14,BB78,CAR,142,79,DSTRCT5,4.69,0.20
TC12,BB47,BUS,380,33,DSTRCT9,2.79,0.08
BA21,BB48,BUS,384,27,DSTRCT0,2.31,0.08
BA24,JC19,BUS,75,31,DSTRCT2,0.52,0.08
TC12,BB14,BUS,248,37,DSTRCT0,2.05,0.08
JC93,BB03,CAR,147,60,DSTRCT4,3.70,0.20
BA73,TC55,BUS,152,27,DSTRCT3,0.91,0.08
BA47,JC11,CAR,34,42,DSTRCT9,0.60,0.20
BA98,JC82,CAR,26,44,DSTRCT9,0.49,0.20
JC98,TC44,BUS,340,32,DSTRCT6,2.42,0.08
BB27,JC50,CAR,83,60,DSTRCT6,2.09,0.20
BA75,JD33,BUS,317,23,DSTRCT5,1.62,0.08
BA58,JC18,CAR,25,71,DSTRCT1,0.77,0.20
BA88,TC39,BUS,302,25,DSTRCT6,1.68,0.08
JC91,BB20,BUS,313,23,DSTRCT7,1.60,0.08
BB27,BB66,CAR,77,57,DSTRCT6,1.84,0.20
BB04,JD79,BUS,342,33,DSTRCT5,2.51,0.08
JD62,JC14,BUS,428,29,DSTRCT9,2.76,0.08
BA95,BB70,CAR,97,65,DSTRCT9,2.63,0.20
TC91,TC55,BUS,193,21,DSTRCT4,0.91,0.08
JC98,BA41,BUS,272,34,DSTRCT3,2.06,0.08
JC98,BA85,CAR,60,71,DSTRCT8,1.80,0.20
TC67,TC90,BUS,89,29,DSTRCT1,0.58,0.08
BB06,JC23,CAR,72,70,DSTRCT6,2.12,0.20
BB21,BA16,BUS,262,32,DSTRCT4,1.87,0.08
BA55,BB03,CAR,117,48,DSTRCT9,2.36,0.20
JD61,JD32,CAR,63,52,DSTRCT6,1.37,0.20
TC82,BA25,CAR,105,43,DSTRCT1,1.89,0.20
JC64,TC03,BUS,307,38,DSTRCT2,2.60,0.08
JD21,TC95,BUS,149,39,DSTRCT4,1.30,0.08
TC63,JC78,CAR,122,53,DSTRCT8,2.70,0.20
TC84,JC24,CAR,30,67,DSTRCT6,0.84,0.20
BA51,JC49,BUS,80,33,DSTRCT2,0.59,0.08
BA36,TC90,BUS,183,23,DSTRCT3,0.94,0.08
BA23,JD97,CAR,230,78,DSTRCT3,7.48,0.20
BA54,JD77,CAR,187,68,DSTRCT6,5.30,0.20
BB10,JD79,BUS,366,29,DSTRCT1,2.36,0.08
BA06,BA13,BUS,37,21,DSTRCT4,0.18,0.08
TC44,JC49,BUS,205,26,DSTRCT8,1.19,0.08
BA47,BA02,BUS,181,28,DSTRCT6,1.13,0.08
BB38,BA71,BUS,192,31,DSTRCT4,1.33,0.08
BB07,BB36,BUS,117,28,DSTRCT7,0.73,0.08
BA06,BB42,BUS,340,33,DSTRCT2,2.50,0.08
JC52,BB47,BUS,275,20,DSTRCT1,1.22,0.08
TC83,BB49,CAR,103,59,DSTRCT1,2.55,0.20
BB70,BA76,BUS,203,37,DSTRCT7,1.67,0.08
BA28,BA45,BUS,96,20,DSTRCT6,0.43,0.08
BA83,BA55,CAR,42,74,DSTRCT2,1.32,0.20
TC98,TC73,CAR,67,42,DSTRCT9,1.18,0.20
BB18,BA02,CAR,170,55,DSTRCT8,3.90,0.20
BA77,TC42,CAR,133,45,DSTRCT0,2.50,0.20
BB22,JC96,CAR,100,74,DSTRCT6,3.11,0.20
TC87,JD42,CAR,123,62,DSTRCT8,3.18,0.20
BA19,TC45,CAR,29,44,DSTRCT8,0.53,0.20
BB31,TC63,BUS,298,21,DSTRCT9,1.39,0.08
JD21,BA10,CAR,235,49,DSTRCT7,4.82,0.20
JD39,BA16,CAR,318,40,DSTRCT0,5.30,0.20
BB87,JD07,CAR,87,72,DSTRCT0,2.62,0.20
JD07,TC83,CAR,101,57,DSTRCT8,2.40,0.20
BA93,TC31,BUS,258,35,DSTRCT6,2.01,0.08
BA64,BB20,BUS,247,23,DSTRCT7,1.27,0.08
JD24,JD75,BUS,213,27,DSTRCT6,1.28,0.08
BB03,BA71,BUS,273,22,DSTRCT1,1.34,0.08
BB71,JC30,BUS,321,28,DSTRCT7,2.00,0.08
JC62,JC21,BUS,132,35,DSTRCT3,1.03,0.08
JD72,JC79,BUS,191,39,DSTRCT2,1.66,0.08
BA25,JC68,BUS,240,32,DSTRCT6,1.71,0.08
TC23,BB26,BUS,265,35,DSTRCT7,2.07,0.08
JD86,BB25,BUS,255,38,DSTRCT5,2.16,0.08
BA67,JD21,BUS,354,20,DSTRCT2,1.58,0.08
TC50,BB57,BUS,421,23,DSTRCT0,2.15,0.08
BB44,JD94,CAR,212,40,DSTRCT4,3.53,0.20
TC09,JC66,BUS,362,31,DSTRCT7,2.50,0.08
JD22,BB97,CAR,127,45,DSTRCT6,2.38,0.20
BA60,JC89,BUS,210,29,DSTRCT0,1.36,0.08
JD17,BB63,BUS,88,28,DSTRCT1,0.55,0.08
JD32,JD55,CAR,53,49,DSTRCT0,1.08,0.20
JD01,JD85,CAR,215,44,DSTRCT1,3.96,0.20
BB17,TC85,CAR,68,70,DSTRCT3,2.00,0.20
JC14,JC82,CAR,130,59,DSTRCT4,3.21,0.20
JD18,JD10,CAR,12,71,DSTRCT1,0.38,0.20
TC25,BB33,BUS,264,37,DSTRCT5,2.18,0.08
JD54,JC05,CAR,255,49,DSTRCT2,5.23,0.20
BB11,JD12,CAR,46,64,DSTRCT6,1.24,0.20
JD92,JC16,CAR,300,51,DSTRCT8,6.39,0.20
BA84,BB82,BUS,270,29,DSTRCT4,1.74,0.08
JC19,BB30,CAR,102,63,DSTRCT2,2.69,0.20
TC17,JC48,CAR,125,66,DSTRCT5,3.45,0.20
JD59,TC86,BUS,417,22,DSTRCT3,2.04,0.08
BA82,BB59,CAR,82,78,DSTRCT5,2.68,0.20
TC35,JC04,BUS,58,22,DSTRCT8,0.29,0.08
TC37,JC23,CAR,55,58,DSTRCT8,1.33,0.20
TC51,TC77,CAR,56,52,DSTRCT9,1.23,0.20
BB28,JC18,BUS,168,38,DSTRCT0,1.42,0.08
JC74,TC05,BUS,322,39,DSTRCT9,2.80,0.08
BA80,JD22,BUS,212,31,DSTRCT5,1.46,0.08
BA14,TC51,CAR,48,49,DSTRCT3,0.98,0.20
BB20,JD99,BUS,301,39,DSTRCT5,2.61,0.08
JC87,BB35,CAR,81,72,DSTRCT0,2.44,0.20
JD68,BB01,BUS,288,36,DSTRCT2,2.31,0.08
BB22,BA27,CAR,168,45,DSTRCT5,3.17,0.20
JC93,JD31,CAR,100,58,DSTRCT4,2.42,0.20
TC03,BA44,BUS,247,27,DSTRCT6,1.48,0.08
TC50,TC04,CAR,121,43,DSTRCT9,2.17,0.20
JD11,BB06,CAR,56,61,DSTRCT6,1.43,0.20
BB15,JC86,CAR,104,69,DSTRCT2,3.00,0.20
JD04,BA79,BUS,315,20,DSTRCT3,1.40,0.08
TC39,JD80,BUS,485,33,DSTRCT2,3.56,0.08
JC58,JD07,BUS,182,31,DSTRCT3,1.26,0.08
BB24,BA83,BUS,147,39,DSTRCT9,1.28,0.08
JC87,TC17,BUS,373,34,DSTRCT0,2.82,0.08
BB89,JD88,BUS,70,39,DSTRCT3,0.61,0.08
TC54,BB74,CAR,234,47,DSTRCT6,4.58,0.20
BA40,JD30,BUS,482,20,DSTRCT3,2.15,0.08
TC60,BB81,CAR,158,70,DSTRCT1,4.63,0.20
JC35,TC18,CAR,119,56,DSTRCT2,2.79,0.20
BB26,JC02,BUS,356,21,DSTRCT4,1.66,0.08
BA41,BA54,BUS,40,36,DSTRCT3,0.33,0.08
BB96,BA06,CAR,390,43,DSTRCT9,7.00,0.20
JD43,BB16,BUS,178,33,DSTRCT0,1.31,0.08
BA26,BA67,BUS,154,30,DSTRCT1,1.03,0.08
TC09,TC44,CAR,50,78,DSTRCT9,1.65,0.20
JC96,BB39,CAR,140,44,DSTRCT8,2.57,0.20
JD05,JD71,CAR,118,63,DSTRCT1,3.11,0.20
BB31,JC36,CAR,105,52,DSTRCT2,2.29,0.20
JD34,BB47,CAR,27,53,DSTRCT6,0.62,0.20
JC12,BB00,BUS,193,27,DSTRCT1,1.16,0.08
BB11,TC79,BUS,192,25,DSTRCT7,1.07,0.08
BB49,JC02,CAR,233,41,DSTRCT3,3.99,0.20
BB30,BB46,CAR,31,57,DSTRCT6,0.75,0.20
TC16,JD08,CAR,166,66,DSTRCT7,4.57,0.20
JD49,JC37,CAR,118,76,DSTRCT6,3.75,0.20
BB23,JD37,CAR,110,40,DSTRCT6,1.85,0.20
JC99,JD47,BUS,145,39,DSTRCT2,1.26,0.08
JD56,BA86,BUS,310,26,DSTRCT8,1.80,0.08
TC52,JC51,CAR,71,65,DSTRCT8,1.95,0.20
BA49,TC32,CAR,78,51,DSTRCT7,1.66,0.20
TC23,JC68,CAR,159,62,DSTRCT4,4.11,0.20
BB88,BA25,CAR,188,74,DSTRCT2,5.82,0.20
JD68,TC71,CAR,234,49,DSTRCT8,4.78,0.20
BB06,BA05,CAR,128,63,DSTRCT6,3.36,0.20
JD11,BA27,BUS,315,29,DSTRCT6,2.03,0.08
BB53,JD11,BUS,64,32,DSTRCT2,0.46,0.08
BA39,JC25,CAR,18,73,DSTRCT1,0.57,0.20
TC05,JD26,CAR,302,46,DSTRCT2,5.80,0.20
BB63,JD65,BUS,134,23,DSTRCT9,0.69,0.08
JD20,BA45,CAR,159,53,DSTRCT5,3.52,0.20
BA72,BB17,CAR,86,66,DSTRCT6,2.37,0.20
BA43,BB34,CAR,109,67,DSTRCT5,3.05,0.20
JC82,TC14,BUS,567,22,DSTRCT4,2.77,0.08
TC28,TC68,BUS,119,38,DSTRCT2,1.01,0.08
JD26,JD47,BUS,65,36,DSTRCT8,0.53,0.08
BA50,JD94,BUS,674,22,DSTRCT7,3.30,0.08
JC50,JD65,BUS,289,32,DSTRCT8,2.06,0.08
JD58,BA13,BUS,452,33,DSTRCT4,3.32,0.08
BB32,JC96,CAR,110,60,DSTRCT3,2.77,0.20
BA44,BA28,BUS,64,28,DSTRCT5,0.40,0.08
BB93,TC41,BUS,512,28,DSTRCT1,3.19,0.08
BB09,JD19,BUS,113,35,DSTRCT4,0.89,0.08
TC88,JC88,BUS,149,32,DSTRCT7,1.06,0.08
BA44,BA77,BUS,106,35,DSTRCT1,0.83,0.08
BB50,JC21,CAR,172,46,DSTRCT0,3.30,0.20
TC10,JD95,CAR,442,47,DSTRCT6,8.66,0.20
JC09,JC83,CAR,155,54,DSTRCT0,3.49,0.20
JC68,JC42,CAR,45,64,DSTRCT2,1.23,0.20
TC18,JD22,CAR,193,63,DSTRCT9,5.07,0.20
BA71,JC53,CAR,16,59,DSTRCT4,0.42,0.20
JC80,JC30,CAR,106,53,DSTRCT0,2.36,0.20
BA69,JC51,CAR,21,46,DSTRCT5,0.42,0.20
BB40,BB86,CAR,100,52,DSTRCT7,2.17,0.20
BB78,BB66,CAR,23,57,DSTRCT9,0.57,0.20
JD39,BB82,CAR,50,43,DSTRCT2,0.90,0.20
JC34,BB48,BUS,196,34,DSTRCT8,1.49,0.08
JD71,BB65,CAR,57,62,DSTRCT6,1.47,0.20
BA39,BB79,BUS,352,33,DSTRCT3,2.59,0.08
TC21,JC09,BUS,92,37,DSTRCT6,0.76,0.08
JC68,TC26,CAR,216,44,DSTRCT5,3.97,0.20
BB91,BB47,BUS,226,22,DSTRCT4,1.11,0.08
BA04,JD15,BUS,444,26,DSTRCT1,2.57,0.08
BA46,JC34,BUS,65,24,DSTRCT9,0.35,0.08
JC54,JD32,CAR,93,69,DSTRCT4,2.70,0.20
BA03,TC70,CAR,117,48,DSTRCT1,2.36,0.20
BB05,BB58,CAR,96,62,DSTRCT3,2.50,0.20
JD06,BA26,BUS,245,36,DSTRCT1,1.96,0.08
TC80,BA74,BUS,47,33,DSTRCT2,0.35,0.08
BA81,JD33,BUS,233,30,DSTRCT3,1.55,0.08
TC99,TC43,BUS,301,21,DSTRCT2,1.41,0.08
BA82,BA97,BUS,65,26,DSTRCT2,0.38,0.08
BA85,TC33,CAR,112,70,DSTRCT5,3.30,0.20
JD79,JC73,BUS,223,38,DSTRCT7,1.89,0.08
BA73,BA92,BUS,89,24,DSTRCT7,0.48,0.08
TC68,BB78,CAR,129,77,DSTRCT4,4.16,0.20
TC13,JC52,CAR,145,63,DSTRCT7,3.83,0.20
JC84,TC79,BUS,205,26,DSTRCT4,1.19,0.08
BA07,JC14,BUS,125,29,DSTRCT5,0.81,0.08
JC73,JC57,BUS,47,38,DSTRCT0,0.40,0.08
TC35,TC47,CAR,22,61,DSTRCT2,0.57,0.20
BA27,JC54,BUS,256,23,DSTRCT2,1.31,0.08
TC00,TC66,BUS,207,36,DSTRCT8,1.66,0.08
JC23,TC51,CAR,36,44,DSTRCT4,0.68,0.20
TC72,BA06,BUS,185,30,DSTRCT7,1.23,0.08
BA83,JC72,CAR,32,52,DSTRCT6,0.70,0.20
JD11,JC79,CAR,117,51,DSTRCT8,2.51,0.20
BB31,JC97,BUS,174,39,DSTRCT4,1.51,0.08
BA35,BA59,CAR,43,62,DSTRCT1,1.13,0.20
BB19,JD70,CAR,150,57,DSTRCT8,3.58,0.20
BB59,BB18,CAR,77,60,DSTRCT2,1.93,0.20
BB86,JC43,BUS,317,29,DSTRCT4,2.04,0.08
JD76,TC62,CAR,299,44,DSTRCT8,5.50,0.20
BA82,BA30,BUS,183,32,DSTRCT5,1.31,0.08
JD45,JC51,BUS,221,34,DSTRCT3,1.67,0.08
BA92,TC85,CAR,60,48,DSTRCT6,1.21,0.20
JD81,TC54,BUS,427,34,DSTRCT4,3.23,0.08
BA93,BB10,BUS,242,28,DSTRCT3,1.51,0.08
JD13,TC73,BUS,168,39,DSTRCT3,1.46,0.08
TC42,JC63,BUS,286,25,DSTRCT3,1.59,0.08
JC65,BA87,BUS,24,29,DSTRCT6,0.16,0.08
BB46,TC27,CAR,145,75,DSTRCT5,4.54,0.20
BA97,JD09,CAR,140,46,DSTRCT4,2.70,0.20
BA65,JC87,BUS,221,24,DSTRCT6,1.18,0.08
TC40,BB61,CAR,152,73,DSTRCT5,4.63,0.20
BB01,JD74,BUS,316,35,DSTRCT0,2.46,0.08
BB50,JD89,CAR,111,65,DSTRCT8,3.02,0.20
JD23,JD73,CAR,76,74,DSTRCT3,2.36,0.20
BB72,JD96,BUS,154,36,DSTRCT7,1.23,0.08
TC92,TC40,CAR,133,44,DSTRCT2,2.45,0.20
TC56,JD32,BUS,255,37,DSTRCT7,2.10,0.08
BB97,BB15,BUS,309,30,DSTRCT0,2.06,0.08
JD32,BB82,CAR,59,49,DSTRCT0,1.22,0.20
JD67,JC75,CAR,136,54,DSTRCT0,3.08,0.20
BA28,JC10,CAR,13,74,DSTRCT8,0.42,0.20
BB08,TC56,CAR,66,79,DSTRCT7,2.20,0.20
JC08,BB90,BUS,345,38,DSTRCT8,2.92,0.08
JC94,JD11,CAR,127,53,DSTRCT5,2.83,0.20
BB78,BB25,BUS,222,27,DSTRCT1,1.33,0.08
BB90,JD13,BUS,191,31,DSTRCT3,1.32,0.08
TC54,JD86,CAR,255,59,DSTRCT4,6.28,0.20
JC50,BA30,BUS,150,34,DSTRCT7,1.13,0.08
JC90,BA91,BUS,115,24,DSTRCT8,0.61,0.08
BA15,JC28,CAR,57,75,DSTRCT7,1.80,0.20
BB79,BB38,CAR,66,70,DSTRCT6,1.93,0.20
JD66,TC84,BUS,476,21,DSTRCT2,2.22,0.08
JC44,BB54,BUS,228,28,DSTRCT3,1.42,0.08
JD19,BB07,CAR,85,49,DSTRCT0,1.75,0.20
TC02,BA00,CAR,33,59,DSTRCT6,0.81,0.20
TC17,TC40,CAR,59,44,DSTRCT7,1.08,0.20
BA24,JD70,CAR,273,55,DSTRCT9,6.27,0.20
JC87,BB40,CAR,124,45,DSTRCT4,2.33,0.20
TC38,TC08,CAR,44,76,DSTRCT6,1.41,0.20
JD15,JC88,BUS,283,22,DSTRCT1,1.38,0.08
BA28,JC38,CAR,51,78,DSTRCT1,1.66,0.20
BA11,BB22,BUS,297,30,DSTRCT1,1.98,0.08
BB93,JD55,BUS,62,26,DSTRCT8,0.36,0.08
BA33,JD28,BUS,373,27,DSTRCT5,2.24,0.08
BB99,BB34,BUS,272,27,DSTRCT6,1.63,0.08
JC20,JC88,BUS,256,30,DSTRCT6,1.71,0.08
JC07,TC68,CAR,41,51,DSTRCT5,0.89,0.20
BA86,BB09,CAR,136,47,DSTRCT7,2.68,0.20
BB13,BA14,BUS,304,26,DSTRCT2,1.76,0.08
BA79,TC04,BUS,276,38,DSTRCT7,2.33,0.08
BA85,JC86,CAR,64,46,DSTRCT7,1.24,0.20
BA00,BA99,CAR,145,77,DSTRCT4,4.67,0.20
TC37,BB05,CAR,82,76,DSTRCT0,2.61,0.20
JD23,BB71,BUS,82,33,DSTRCT2,0.60,0.08
JC99,TC08,BUS,579,26,DSTRCT9,3.35,0.08
JC86,TC23,CAR,160,74,DSTRCT6,4.96,0.20
BB38,BA58,CAR,149,44,DSTRCT1,2.75,0.20
JD42,BA63,CAR,203,43,DSTRCT3,3.65,0.20
TC27,BB77,BUS,543,26,DSTRCT8,3.14,0.08
JD86,TC95,CAR,197,55,DSTRCT1,4.53,0.20
TC91,BA06,BUS,225,34,DSTRCT6,1.71,0.08
BB38,BB69,CAR,50,69,DSTRCT2,1.46,0.20
JC45,BB81,CAR,155,55,DSTRCT8,3.56,0.20
BB04,BB74,CAR,101,78,DSTRCT2,3.30,0.20
TC72,TC56,BUS,56,32,DSTRCT7,0.40,0.08
TC34,JC88,BUS,453,24,DSTRCT1,2.42,0.08
JC57,BB37,BUS,157,32,DSTRCT5,1.12,0.08
BB93,TC68,CAR,287,40,DSTRCT5,4.80,0.20
JD63,BB77,BUS,55,25,DSTRCT7,0.31,0.08
BA90,TC74,BUS,138,28,DSTRCT6,0.86,0.08
JC98,BB12,BUS,250,34,DSTRCT2,1.89,0.08
JC25,JD10,CAR,106,65,DSTRCT2,2.88,0.20
BB46,JD78,CAR,93,69,DSTRCT6,2.69,0.20
TC87,BA76,CAR,18,62,DSTRCT2,0.47,0.20
JC43,JC78,CAR,71,55,DSTRCT6,1.65,0.20
JD75,BB75,BUS,79,36,DSTRCT2,0.64,0.08
JC46,JD03,BUS,184,31,DSTRCT5,1.27,0.08
BA17,BB29,BUS,281,32,DSTRCT3,2.00,0.08
TC38,BB82,BUS,539,25,DSTRCT2,3.00,0.08
BA25,BB13,BUS,338,21,DSTRCT4,1.58,0.08
BB87,TC18,BUS,621,26,DSTRCT0,3.59,0.08
JC39,TC32,BUS,159,35,DSTRCT9,1.24,0.08
JC56,JC70,CAR,36,43,DSTRCT4,0.66,0.20
JD36,JD20,BUS,86,21,DSTRCT7,0.40,0.08
JD63,JD96,BUS,138,27,DSTRCT8,0.83,0.08
JD12,BA83,CAR,143,44,DSTRCT9,2.63,0.20
JD00,JD23,CAR,37,70,DSTRCT0,1.08,0.20
BA23,JD97,CAR,390,46,DSTRCT6,7.48,0.20
JC28,TC28,BUS,199,24,DSTRCT5,1.06,0.08
BA41,JC85,BUS,260,30,DSTRCT4,1.73,0.08
TC38,BA25,BUS,41,24,DSTRCT7,0.22,0.08
JC71,TC33,BUS,238,38,DSTRCT9,2.02,0.08
JD80,BB23,BUS,343,27,DSTRCT8,2.06,0.08
TC70,JC09,BUS,59,36,DSTRCT8,0.47,0.08
BB02,TC10,CAR,107,77,DSTRCT3,3.44,0.20
JD36,BA75,BUS,277,27,DSTRCT9,1.66,0.08
JC23,JD86,BUS,423,33,DSTRCT6,3.10,0.08
BA99,JD08,CAR,90,73,DSTRCT5,2.74,0.20
BB07,JC65,CAR,119,52,DSTRCT9,2.60,0.20
JC42,BB32,BUS,211,25,DSTRCT7,1.18,0.08
BA02,BA30,CAR,56,56,DSTRCT4,1.32,0.20
BB03,JC39,CAR,117,44,DSTRCT8,2.15,0.20
JD58,BA24,CAR,307,45,DSTRCT5,5.76,0.20
JC20,JD49,BUS,330,32,DSTRCT6,2.35,0.08
TC57,BA00,CAR,96,47,DSTRCT0,1.89,0.20
JC27,BB07,CAR,69,73,DSTRCT9,2.10,0.20
BB53,JD64,BUS,170,24,DSTRCT8,0.91,0.08
JC97,TC16,BUS,435,32,DSTRCT7,3.10,0.08
JC07,JD99,BUS,608,28,DSTRCT3,3.78,0.08
BB85,BA05,CAR,258,61,DSTRCT3,6.56,0.20
TC27,BA42,BUS,130,29,DSTRCT3,0.84,0.08
BA45,BB74,BUS,503,21,DSTRCT8,2.35,0.08
JD86,JC78,CAR,129,67,DSTRCT7,3.61,0.20
JD76,BB28,CAR,206,40,DSTRCT7,3.44,0.20
JD13,TC30,CAR,136,74,DSTRCT3,4.21,0.20
TC22,JC43,CAR,174,41,DSTRCT6,2.98,0.20
JC76,JC58,BUS,53,38,DSTRCT2,0.45,0.08
BB65,BB54,CAR,29,42,DSTRCT6,0.52,0.20
JC07,BB41,BUS,220,38,DSTRCT3,1.86,0.08
JC07,BB47,BUS,387,23,DSTRCT9,1.98,0.08
BB84,JD07,CAR,121,49,DSTRCT8,2.48,0.20
BA84,BA97,BUS,38,38,DSTRCT1,0.33,0.08
BB14,JD54,CAR,103,71,DSTRCT9,3.06,0.20
JD91,BA08,CAR,378,50,DSTRCT4,7.88,0.20
BA82,TC30,BUS,219,36,DSTRCT0,1.76,0.08
JC72,TC00,CAR,170,76,DSTRCT7,5.39,0.20
BA03,TC36,BUS,74,26,DSTRCT5,0.43,0.08
BB58,BA97,BUS,251,23,DSTRCT3,1.29,0.08
TC40,BB94,CAR,363,40,DSTRCT3,6.06,0.20
BB47,TC94,CAR,121,44,DSTRCT6,2.22,0.20
BA26,TC06,CAR,98,44,DSTRCT5,1.80,0.20
JD64,TC86,BUS,437,22,DSTRCT7,2.14,0.08
BA71,JC43,BUS,31,24,DSTRCT7,0.17,0.08
BA84,BA01,CAR,123,76,DSTRCT6,3.91,0.20
BA56,BB51,BUS,200,38,DSTRCT3,1.69,0.08
BA64,JC93,BUS,254,24,DSTRCT1,1.36,0.08
BA02,BA41,CAR,95,46,DSTRCT1,1.84,0.20
JD06,JC58,CAR,94,60,DSTRCT0,2.36,0.20
BB85,BA30,BUS,386,34,DSTRCT7,2.92,0.08
BA10,JD03,BUS,319,31,DSTRCT6,2.20,0.08
JC05,BB43,CAR,143,61,DSTRCT6,3.64,0.20
JC52,JC11,CAR,76,61,DSTRCT2,1.93,0.20
JD00,JC14,CAR,89,78,DSTRCT3,2.90,0.20
JC50,BA45,BUS,149,23,DSTRCT5,0.76,0.08
JC94,BA55,CAR,139,52,DSTRCT8,3.02,0.20
JD66,BB24,CAR,176,43,DSTRCT6,3.16,0.20
BA75,BB20,BUS,227,25,DSTRCT8,1.26,0.08
JD74,TC98,BUS,449,21,DSTRCT2,2.10,0.08
BA13,JD30,BUS,328,37,DSTRCT9,2.70,0.08
BB42,JC11,CAR,165,49,DSTRCT9,3.37,0.20
BA03,TC92,CAR,159,51,DSTRCT0,3.39,0.20
JD96,BA46,BUS,594,26,DSTRCT2,3.43,0.08
BB60,JC94,BUS,232,22,DSTRCT1,1.13,0.08
BA26,TC55,BUS,55,28,DSTRCT1,0.34,0.08
BB63,BB39,BUS,129,21,DSTRCT5,0.60,0.08
BA53,JC39,CAR,31,44,DSTRCT8,0.57,0.20
BB34,TC70,BUS,206,29,DSTRCT1,1.33,0.08
BA99,JC35,BUS,118,38,DSTRCT1,1.00,0.08
BB27,BA63,BUS,217,27,DSTRCT2,1.30,0.08
BA54,JD08,BUS,228,31,DSTRCT0,1.58,0.08
JD62,TC87,CAR,233,40,DSTRCT0,3.90,0.20
JC60,BB66,CAR,149,41,DSTRCT8,2.55,0.20
BA37,JD54,CAR,186,65,DSTRCT6,5.06,0.20
BA33,JD27,CAR,196,51,DSTRCT9,4.17,0.20
JD92,JD33,BUS,185,36,DSTRCT4,1.48,0.08
BB39,BB12,BUS,78,39,DSTRCT9,0.68,0.08
JC39,BA01,CAR,173,41,DSTRCT0,2.97,0.20
JC97,TC67,BUS,281,29,DSTRCT7,1.82,0.08
JC64,BB18,BUS,251,22,DSTRCT7,1.23,0.08
BB96,JD88,CAR,40,49,DSTRCT5,0.83,0.20
TC08,JC10,CAR,108,46,DSTRCT0,2.09,0.20
TC46,BA52,CAR,48,57,DSTRCT0,1.16,0.20
JD96,BA72,BUS,512,25,DSTRCT1,2.85,0.08
JC49,BB16,CAR,66,76,DSTRCT3,2.12,0.20
TC21,JC96,CAR,172,77,DSTRCT7,5.53,0.20
TC20,JD75,BUS,761,23,DSTRCT8,3.89,0.08
BA73,BB98,CAR,221,46,DSTRCT9,4.25,0.20
BA65,JD14,CAR,90,76,DSTRCT7,2.86,0.20
BB63,BA62,BUS,218,37,DSTRCT0,1.79,0.08
TC39,JD06,CAR,130,66,DSTRCT5,3.60,0.20
JD01,JD48,CAR,115,46,DSTRCT3,2.22,0.20
BB96,TC96,CAR,200,45,DSTRCT8,3.76,0.20
TC05,BA87,BUS,297,38,DSTRCT6,2.51,0.08
TC21,BB09,CAR,168,47,DSTRCT0,3.29,0.20
JD51,TC15,BUS,573,27,DSTRCT8,3.44,0.08
TC69,TC49,BUS,113,20,DSTRCT3,0.50,0.08
JD56,JD16,BUS,141,32,DSTRCT1,1.01,0.08
BB61,TC30,CAR,195,62,DSTRCT4,5.05,0.20
JC68,JC88,CAR,30,73,DSTRCT3,0.94,0.20
TC51,JD91,CAR,209,76,DSTRCT5,6.63,0.20
JC43,TC78,CAR,12,70,DSTRCT2,0.35,0.20
JD70,BB02,CAR,187,56,DSTRCT5,4.38,0.20
BB42,BA06,BUS,387,29,DSTRCT0,2.50,0.08
JD39,BA52,BUS,285,33,DSTRCT0,2.09,0.08
BA68,TC95,CAR,21,65,DSTRCT4,0.57,0.20
BB72,BB10,BUS,292,24,DSTRCT2,1.56,0.08
BB24,JC88,BUS,190,35,DSTRCT6,1.48,0.08
TC66,TC85,CAR,31,69,DSTRCT9,0.90,0.20
JD71,TC80,CAR,167,65,DSTRCT5,4.53,0.20
BB10,TC47,CAR,125,47,DSTRCT2,2.46,0.20
JC34,BA41,CAR,30,69,DSTRCT1,0.88,0.20
JC46,JC01,BUS,154,33,DSTRCT8,1.13,0.08
JC23,BB25,CAR,125,47,DSTRCT2,2.45,0.20
JD38,BA10,CAR,330,40,DSTRCT9,5.51,0.20
TC07,TC94,BUS,468,21,DSTRCT3,2.19,0.08
TC59,TC96,BUS,199,21,DSTRCT1,0.93,0.08
TC20,TC40,BUS,83,27,DSTRCT7,0.50,0.08
JC64,BA39,CAR,73,77,DSTRCT0,2.36,0.20
BA44,JD65,BUS,404,31,DSTRCT1,2.78,0.08
JC64,JD17,CAR,92,61,DSTRCT2,2.36,0.20
JD26,BA12,BUS,455,26,DSTRCT5,2.63,0.08
JC41,JD08,CAR,110,54,DSTRCT7,2.49,0.20
BA46,JC40,BUS,79,28,DSTRCT8,0.49,0.08
TC49,TC02,CAR,74,71,DSTRCT4,2.22,0.20
JD16,BB50,BUS,37,33,DSTRCT7,0.27,0.08
JD92,BA50,CAR,286,51,DSTRCT9,6.10,0.20
JD05,BB37,BUS,29,36,DSTRCT6,0.23,0.08
JD13,JD50,CAR,56,74,DSTRCT0,1.74,0.20
JD87,BA30,CAR,269,60,DSTRCT8,6.74,0.20
TC50,JD00,CAR,95,76,DSTRCT6,3.02,0.20
JC68,JD50,CAR,156,43,DSTRCT4,2.80,0.20
BA29,JD95,BUS,475,36,DSTRCT3,3.80,0.08
BB06,TC36,CAR,114,56,DSTRCT9,2.67,0.20
JD67,BB81,CAR,22,61,DSTRCT6,0.57,0.20
TC34,BB30,BUS,221,39,DSTRCT3,1.92,0.08
JC63,TC92,CAR,21,69,DSTRCT1,0.63,0.20
BA70,TC98,CAR,26,56,DSTRCT6,0.61,0.20
TC61,JD57,BUS,366,31,DSTRCT0,2.53,0.08
BB72,JC06,BUS,347,33,DSTRCT5,2.55,0.08
JD54,JD11,BUS,173,28,DSTRCT4,1.08,0.08
JC64,BA39,BUS,182,31,DSTRCT8,1.26,0.08
JD28,BB59,BUS,35,27,DSTRCT8,0.21,0.08
JC36,BA74,CAR,33,49,DSTRCT1,0.68,0.20
BB18,BA37,CAR,105,63,DSTRCT3,2.77,0.20
BB56,BA98,BUS,238,24,DSTRCT7,1.27,0.08
JC01,BB34,CAR,133,62,DSTRCT3,3.45,0.20
TC65,JC16,BUS,37,21,DSTRCT7,0.18,0.08
BA18,BB78,CAR,179,76,DSTRCT5,5.69,0.20
BB04,JD76,BUS,522,21,DSTRCT1,2.44,0.08
JD49,BB26,CAR,97,56,DSTRCT1,2.27,0.20
JC14,BA11,BUS,82,39,DSTRCT8,0.71,0.08
BA60,BB81,CAR,140,70,DSTRCT5,4.09,0.20
BA45,TC24,CAR,66,67,DSTRCT1,1.85,0.20
BA50,TC24,CAR,72,69,DSTRCT8,2.08,0.20
BB11,JD08,CAR,39,65,DSTRCT9,1.06,0.20
BB94,JD24,CAR,66,78,DSTRCT6,2.15,0.20
JC32,BA31,BUS,99,30,DSTRCT2,0.66,0.08
JC21,BA91,BUS,206,25,DSTRCT6,1.15,0.08
BB71,JD59,CAR,28,56,DSTRCT0,0.66,0.20
JD47,TC94,CAR,146,51,DSTRCT8,3.12,0.20
JC55,TC28,BUS,356,22,DSTRCT6,1.74,0.08
JD00,TC39,BUS,386,21,DSTRCT5,1.81,0.08
JD51,JC99,CAR,131,43,DSTRCT2,2.36,0.20
JC34,BA68,BUS,56,22,DSTRCT0,0.27,0.08
JD57,TC54,BUS,389,31,DSTRCT8,2.68,0.08
JC77,TC88,CAR,57,62,DSTRCT2,1.48,0.20
BB88,JD46,CAR,51,40,DSTRCT9,0.86,0.20
JD22,TC01,CAR,210,66,DSTRCT6,5.80,0.20
BB78,BB49,BUS,131,25,DSTRCT7,0.73,0.08
BA78,JD54,BUS,304,28,DSTRCT3,1.89,0.08
TC89,BB38,BUS,132,39,DSTRCT7,1.15,0.08
BA18,BA44,BUS,147,20,DSTRCT1,0.65,0.08
BB33,BA93,BUS,274,21,DSTRCT5,1.28,0.08
JC07,BB52,BUS,361,26,DSTRCT4,2.09,0.08
TC78,BB41,CAR,100,59,DSTRCT7,2.46,0.20
JC99,TC38,BUS,324,36,DSTRCT8,2.60,0.08
TC59,BA18,CAR,43,64,DSTRCT0,1.16,0.20
TC00,BA23,BUS,122,38,DSTRCT5,1.04,0.08
JD60,JC09,BUS,353,36,DSTRCT7,2.83,0.08
BA23,JC51,CAR,78,76,DSTRCT8,2.50,0.20
BA06,TC82,CAR,101,66,DSTRCT7,2.78,0.20
BA17,BB21,BUS,237,35,DSTRCT3,1.85,0.08
JC23,BA35,BUS,51,31,DSTRCT8,0.35,0.08
BB75,TC40,CAR,176,71,DSTRCT1,5.23,0.20
JD44,TC45,BUS,448,26,DSTRCT0,2.59,0.08
TC70,BB48,BUS,201,35,DSTRCT9,1.56,0.08
BA60,JD87,BUS,385,34,DSTRCT9,2.92,0.08
BB41,TC39,CAR,158,58,DSTRCT3,3.84,0.20
BB98,TC54,CAR,184,73,DSTRCT0,5.62,0.20
BB86,JD17,BUS,229,22,DSTRCT5,1.12,0.08
TC83,JD88,CAR,168,73,DSTRCT3,5.11,0.20
BA20,JD03,CAR,131,69,DSTRCT2,3.78,0.20
JD60,BA11,CAR,284,54,DSTRCT9,6.39,0.20
TC14,JC47,CAR,173,49,DSTRCT7,3.55,0.20
JD52,TC50,CAR,239,50,DSTRCT9,4.99,0.20
JD45,BB50,CAR,30,77,DSTRCT8,0.97,0.20
JC27,JD13,BUS,257,27,DSTRCT0,1.55,0.08
BA55,BB19,BUS,154,38,DSTRCT7,1.30,0.08
BA27,JD51,BUS,337,38,DSTRCT2,2.85,0.08
JC22,BA16,CAR,45,77,DSTRCT3,1.47,0.20
BB65,BB50,BUS,73,23,DSTRCT6,0.38,0.08
BB07,JC52,BUS,274,20,DSTRCT8,1.22,0.08
BB51,BA34,CAR,138,68,DSTRCT3,3.94,0.20
BA61,BB25,BUS,266,22,DSTRCT9,1.30,0.08
BA67,TC99,BUS,83,22,DSTRCT0,0.41,0.08
BB89,BB52,BUS,110,38,DSTRCT6,0.93,0.08
BB83,TC90,CAR,208,40,DSTRCT5,3.48,0.20
BB82,JC95,BUS,136,38,DSTRCT6,1.15,0.08
BA78,BA15,CAR,103,69,DSTRCT1,2.97,0.20
TC56,JD40,CAR,196,52,DSTRCT8,4.25,0.20
BA77,BB73,CAR,153,50,DSTRCT4,3.20,0.20
JC18,JD37,BUS,301,32,DSTRCT7,2.14,0.08
JD28,JD61,BUS,138,27,DSTRCT8,0.83,0.08
TC31,JD29,CAR,196,59,DSTRCT6,4.82,0.20
JD60,BA41,CAR,268,46,DSTRCT4,5.14,0.20
BB40,JC39,BUS,252,23,DSTRCT8,1.29,0.08
JD47,BA26,CAR,189,66,DSTRCT1,5.22,0.20
JC24,JC71,CAR,70,75,DSTRCT5,2.22,0.20
BA05,BA97,CAR,221,47,DSTRCT3,4.34,0.20
TC94,BA91,CAR,33,55,DSTRCT8,0.77,0.20
BA77,BA35,CAR,62,76,DSTRCT0,1.98,0.20
BA90,JC20,BUS,135,38,DSTRCT3,1.15,0.08
JC74,BB77,BUS,258,23,DSTRCT7,1.32,0.08
BA88,JD57,BUS,333,24,DSTRCT2,1.78,0.08
BA50,BB86,BUS,340,33,DSTRCT6,2.50,0.08
BB25,JD11,BUS,59,23,DSTRCT4,0.31,0.08
JC91,TC88,CAR,69,74,DSTRCT2,2.13,0.20
TC05,BA48,CAR,135,51,DSTRCT5,2.87,0.20
TC66,TC32,CAR,49,77,DSTRCT8,1.60,0.20
BB92,BB55,BUS,149,28,DSTRCT6,0.93,0.08
JD47,JC70,BUS,321,20,DSTRCT0,1.43,0.08
BA98,JD61,BUS,330,23,DSTRCT9,1.69,0.08
BA06,BB71,BUS,525,27,DSTRCT5,3.15,0.08
JC94,TC19,BUS,510,26,DSTRCT2,2.95,0.08
BB53,JD82,BUS,291,21,DSTRCT7,1.36,0.08
JC94,JD38,CAR,111,51,DSTRCT6,2.37,0.20
BA31,JC76,CAR,168,47,DSTRCT7,3.30,0.20
JD97,BB13,CAR,216,57,DSTRCT2,5.13,0.20
JC08,TC77,CAR,58,52,DSTRCT7,1.26,0.20
BA35,JC32,CAR,59,43,DSTRCT3,1.06,0.20
JD21,JC31,BUS,190,38,DSTRCT8,1.61,0.08
TC56,TC20,CAR,63,64,DSTRCT1,1.70,0.20
BB21,JD69,CAR,131,63,DSTRCT1,3.44,0.20
BB45,JC72,CAR,102,49,DSTRCT2,2.09,0.20
TC83,JC71,BUS,171,20,DSTRCT4,0.76,0.08
JD63,BA86,BUS,307,28,DSTRCT9,1.91,0.08
BA33,JC89,BUS,247,37,DSTRCT5,2.04,0.08
TC72,JD35,BUS,414,20,DSTRCT9,1.84,0.08
JD05,BA59,CAR,112,60,DSTRCT4,2.80,0.20
BA11,BA34,CAR,35,74,DSTRCT3,1.08,0.20
JC38,TC39,CAR,67,69,DSTRCT0,1.95,0.20
BA31,TC02,CAR,90,59,DSTRCT7,2.22,0.20
BB56,TC30,BUS,527,22,DSTRCT7,2.58,0.08
BB65,BB21,CAR,72,69,DSTRCT5,2.07,0.20
BB24,BA36,CAR,102,69,DSTRCT2,2.96,0.20
JC94,BB81,BUS,148,35,DSTRCT4,1.15,0.08
BA91,JC42,BUS,80,35,DSTRCT7,0.63,0.08
JC65,JD14,CAR,108,52,DSTRCT0,2.36,0.20
BA89,TC66,BUS,233,20,DSTRCT1,1.04,0.08
TC81,TC74,CAR,12,62,DSTRCT6,0.33,0.20
BB85,JC79,CAR,145,42,DSTRCT2,2.55,0.20
BA67,BB80,BUS,267,34,DSTRCT1,2.02,0.08
JC09,TC73,BUS,82,30,DSTRCT3,0.55,0.08
BA66,BB96,BUS,484,22,DSTRCT8,2.37,0.08
TC61,BB12,CAR,68,76,DSTRCT5,2.18,0.20
JD55,JC21,BUS,442,25,DSTRCT1,2.46,0.08
BA76,JD19,CAR,135,49,DSTRCT6,2.76,0.20
BA75,JC60,CAR,22,58,DSTRCT6,0.53,0.20
JC22,TC04,BUS,309,22,DSTRCT2,1.52,0.08
BB84,JD36,CAR,34,78,DSTRCT7,1.13,0.20
JC42,TC52,BUS,104,35,DSTRCT0,0.81,0.08
TC16,JC19,BUS,134,38,DSTRCT1,1.14,0.08
BB22,JC10,BUS,297,22,DSTRCT5,1.45,0.08
TC27,JD04,CAR,164,58,DSTRCT3,3.98,0.20
BB97,BB19,CAR,120,73,DSTRCT2,3.68,0.20
TC58,JD89,BUS,482,31,DSTRCT0,3.33,0.08
JC51,JD06,CAR,93,61,DSTRCT1,2.37,0.20
BA48,TC83,BUS,71,30,DSTRCT9,0.48,0.08
JD62,BA07,BUS,420,38,DSTRCT3,3.55,0.08
BB53,TC24,BUS,458,26,DSTRCT4,2.65,0.08
JD14,JD59,BUS,159,32,DSTRCT2,1.13,0.08
TC66,BA59,CAR,31,46,DSTRCT6,0.61,0.20
BA53,JD47,BUS,294,34,DSTRCT0,2.22,0.08
JC23,BB73,CAR,176,56,DSTRCT0,4.11,0.20
BA44,BB73,CAR,245,43,DSTRCT1,4.40,0.20
JC26,BA72,CAR,34,72,DSTRCT5,1.04,0.20
JD24,TC88,BUS,166,38,DSTRCT4,1.40,0.08
BA40,JC57,CAR,76,62,DSTRCT1,1.99,0.20
TC66,JC78,BUS,170,36,DSTRCT3,1.36,0.08
JD19,BA65,CAR,120,59,DSTRCT6,2.96,0.20
BA20,BB90,BUS,524,28,DSTRCT1,3.27,0.08
TC41,BB72,CAR,288,42,DSTRCT6,5.05,0.20
JC43,BB45,CAR,117,50,DSTRCT4,2.45,0.20
BB33,TC99,BUS,229,21,DSTRCT8,1.07,0.08
TC93,TC23,CAR,152,52,DSTRCT6,3.30,0.20
JD15,TC96,CAR,107,52,DSTRCT9,2.33,0.20
BA05,TC72,BUS,153,37,DSTRCT8,1.26,0.08
JC82,BB67,BUS,138,37,DSTRCT2,1.14,0.08
BB58,JC39,BUS,181,39,DSTRCT3,1.57,0.08
JC81,BB82,CAR,79,73,DSTRCT5,2.42,0.20
BB10,JD53,CAR,109,70,DSTRCT9,3.20,0.20
JC17,BA72,CAR,47,73,DSTRCT4,1.45,0.20
BB58,JC87,BUS,193,26,DSTRCT2,1.12,0.08
JD53,TC91,BUS,390,21,DSTRCT2,1.82,0.08
JD36,TC05,CAR,272,55,DSTRCT7,6.24,0.20
BA37,BB10,BUS,259,24,DSTRCT7,1.38,0.08
BA53,BB55,CAR,181,45,DSTRCT5,3.40,0.20
JD40,JC66,CAR,96,65,DSTRCT8,2.61,0.20
JC14,BB64,CAR,205,48,DSTRCT8,4.11,0.20
